number,value,datetime_start,datetime_complete,duration,params_D1_freq,params_D1_weight,params_D2_freq,params_D2_weight,params_FSNtoD1_w,params_FSNtoD2_w,params_delay_delta,params_weight_delta,state
0,6.264471529583149,2024-01-26 03:02:02.016713,2024-01-26 03:02:39.284140,0 days 00:00:37.267427,1109.7352651215829,0.39674653858427394,1082.1319293725908,0.4942301091452179,7.361288473373077,5.566143322029461,0.1769478851935944,0.3226802394965127,COMPLETE
1,5.689438106965478,2024-01-26 03:02:02.019213,2024-01-26 03:02:51.264431,0 days 00:00:49.245218,1260.54477364394,0.4592878112481304,962.6154372576973,0.5258657745508886,7.125110004213671,3.8194018019182527,0.40647733724473445,0.2091174408385349,COMPLETE
2,5.168607722468785,2024-01-26 03:02:02.033559,2024-01-26 03:02:51.276939,0 days 00:00:49.243380,1036.1405190773353,0.4948968208653821,993.2495668620079,0.49918379821924763,6.855052304840782,4.649654082333585,0.30591942937953565,0.486534023436368,COMPLETE
3,6.32150662455321,2024-01-26 03:02:51.267308,2024-01-26 03:03:49.338097,0 days 00:00:58.070789,1023.2932096137124,0.4839836808836641,915.3184030380374,0.35704536670427006,7.3568888011958276,3.975606255236227,0.37931814900568916,0.631107060169533,COMPLETE
4,5.665594633877547,2024-01-26 03:02:51.277988,2024-01-26 03:03:36.384309,0 days 00:00:45.106321,1204.2480967333825,0.35979071721390915,966.5803452062422,0.42130087420355167,6.72012130338262,5.257385865609912,0.23066074296932199,0.9633183286711098,COMPLETE
5,5.0842450641546595,2024-01-26 03:02:51.287376,2024-01-26 03:03:36.391293,0 days 00:00:45.103917,1003.4331265132292,0.5176925125638305,853.1221659403071,0.5429245328946455,5.955027468159093,4.174346296568917,0.34708183942602516,0.8413755772512382,COMPLETE
6,4.412479259421259,2024-01-26 03:03:49.338849,2024-01-26 03:04:21.619331,0 days 00:00:32.280482,1187.5196105920745,0.4473274910810978,836.083210985239,0.5298216007468651,6.288466650390449,3.935029552548177,0.2620217137850747,0.085219292824942,COMPLETE
7,6.577800473781448,2024-01-26 03:03:49.349079,2024-01-26 03:04:46.808733,0 days 00:00:57.459654,1023.3061707259176,0.46390810156881235,828.9470049219856,0.3582431805900923,6.68810986954073,4.995227037255831,0.14869119514139723,0.27346459007645596,COMPLETE
8,6.667152833594843,2024-01-26 03:03:50.633829,2024-01-26 03:04:46.795298,0 days 00:00:56.161469,1107.969732847202,0.3563678071045841,814.6868393451373,0.3933999097298452,7.437863877496784,4.860638314103529,0.39061672721534846,0.2555954313942398,COMPLETE
9,6.16196900557348,2024-01-26 03:04:46.796136,2024-01-26 03:05:17.233646,0 days 00:00:30.437510,1147.3221354559555,0.4435550061041448,949.3683434689169,0.3611733786731196,6.035320236673667,5.166467481558459,0.09538461498045553,0.6245945077546503,COMPLETE
10,6.0048007082416275,2024-01-26 03:04:46.813002,2024-01-26 03:05:46.029007,0 days 00:00:59.216005,1111.5615690119587,0.5441561556199279,844.7672428736025,0.41913941836960084,6.948357594720757,5.009169956287095,0.46058123140707047,0.5330836432358051,COMPLETE
11,6.2816869806601945,2024-01-26 03:04:48.212776,2024-01-26 03:05:46.034411,0 days 00:00:57.821635,1246.8613200632897,0.4069374960868663,966.3664349616481,0.51491881371222,7.412179348450483,3.9535028389314495,0.49803324869976145,0.7657235326697461,COMPLETE
12,3.0448448694885646,2024-01-26 03:05:46.003822,2024-01-26 03:06:15.335565,0 days 00:00:29.331743,1263.012527224691,0.5465356268805647,869.3045186996089,0.465165265319505,6.316168408037461,4.422310014971085,0.017072225583847744,0.034642314867015224,COMPLETE
13,3.0674903080992797,2024-01-26 03:05:47.312982,2024-01-26 03:06:31.820317,0 days 00:00:44.507335,1202.566058872327,0.5380398308686776,880.1417261324018,0.5487007595384323,6.123376621621818,4.336151029065091,0.2940628244063154,0.02895092056731785,COMPLETE
14,3.039949375574674,2024-01-26 03:05:48.532312,2024-01-26 03:06:47.733398,0 days 00:00:59.201086,1192.8692524573605,0.5369039819373336,885.7607107165769,0.5416992509482109,6.106394759567225,4.376954073820078,0.3023656104585194,0.04331437875846325,COMPLETE
15,3.3103934696578796,2024-01-26 03:06:15.391884,2024-01-26 03:07:13.346174,0 days 00:00:57.954290,1296.7395356258446,0.43007708686411894,880.3952013858765,0.46479592929170055,6.327077715529997,4.4185503217714714,0.02403622266784705,0.00796313896966077,COMPLETE
16,3.038147559850918,2024-01-26 03:06:47.600218,2024-01-26 03:07:32.877438,0 days 00:00:45.277220,1284.5294569469509,0.538934296927217,900.9674293391407,0.46532572890871693,5.66159537437903,4.447000681366588,0.03978891348073163,0.001876913708027228,COMPLETE
17,4.139987331850704,2024-01-26 03:06:49.354810,2024-01-26 03:07:53.004422,0 days 00:01:03.649612,1296.0469108738362,0.5152288961602097,896.5356622339328,0.46406968934985376,5.606204382495903,4.530190404987647,0.013272284913645804,0.12176496515553867,COMPLETE
18,3.465361642621291,2024-01-26 03:07:16.147524,2024-01-26 03:08:11.782879,0 days 00:00:55.635355,1239.5926719228073,0.518071654869942,905.8614513255161,0.45561600670311775,5.645817689031799,4.542422187622513,0.00288836872609554,0.14676294880283122,COMPLETE
19,4.215583532000089,2024-01-26 03:07:33.390914,2024-01-26 03:08:28.969758,0 days 00:00:55.578844,1228.0220372362412,0.5109827853154025,909.4732205131426,0.4425596653430702,5.683925168715128,4.572564827801538,0.10746475377673792,0.13018355509658006,COMPLETE
20,2.6367159917540715,2024-01-26 03:07:56.634596,2024-01-26 03:09:10.427253,0 days 00:01:13.792657,1229.0942312997872,0.5173888628419587,1012.1097433472969,0.433884158208759,5.688349587824664,4.196669964429912,0.2033836909169264,0.38004535966318176,COMPLETE
21,4.565837181364569,2024-01-26 03:08:11.821521,2024-01-26 03:09:10.788465,0 days 00:00:58.966944,1174.475083200923,0.4909274086438103,1026.8571975986374,0.4897971112810775,5.850486411063826,4.183478666020299,0.10330644324444943,0.38683935749259346,COMPLETE
22,4.754168225452145,2024-01-26 03:08:32.771216,2024-01-26 03:09:30.069509,0 days 00:00:57.298293,1165.455241500776,0.4875451192084778,1033.858981471071,0.4873050646952846,5.84930218831031,4.182113934871861,0.2133793825006474,0.4043848677868249,COMPLETE
23,3.3256840776067844,2024-01-26 03:09:11.204032,2024-01-26 03:09:51.775715,0 days 00:00:40.571683,1160.6431134270092,0.5300338862824112,1044.2217267147319,0.43029481947461545,5.829063847843766,4.211847299187129,0.2096136676046798,0.1955778839095285,COMPLETE
24,3.8844547276187895,2024-01-26 03:09:11.282464,2024-01-26 03:10:06.379798,0 days 00:00:55.097334,1160.2775053015107,0.5314335169626853,1026.0929029706483,0.42153067771150254,5.883680321085531,4.185834588071717,0.20206122129891566,0.41113777606822693,COMPLETE
25,3.1355627105704618,2024-01-26 03:09:31.588389,2024-01-26 03:10:28.413890,0 days 00:00:56.825501,1217.6101470993867,0.5317134704627742,936.1212713647597,0.43530395877417577,5.784998545571286,4.80044987138683,0.17434964428775873,0.1971338239459192,COMPLETE
26,4.480406837840781,2024-01-26 03:09:51.806394,2024-01-26 03:11:07.799656,0 days 00:01:15.993262,1276.40950815549,0.5293921954925558,938.1928512781378,0.4447508353549938,6.144429315812299,4.647566832095299,0.06620860902008179,0.3555996299416597,COMPLETE
27,6.023122309239589,2024-01-26 03:10:07.782324,2024-01-26 03:11:07.799098,0 days 00:01:00.016774,1278.2538495553683,0.47753643351485003,934.6276660924683,0.39679706140552623,6.109433363869791,4.751136427708436,0.1408675271291344,0.32106576236183676,COMPLETE
28,3.1195228295835817,2024-01-26 03:10:33.748231,2024-01-26 03:11:28.749464,0 days 00:00:55.001233,1272.7200346717307,0.5028635990511097,1096.904468082282,0.4077590017135869,6.160251050930829,4.654822163437059,0.06071991918803976,0.3292092221574623,COMPLETE
29,6.397541044233238,2024-01-26 03:11:07.805257,2024-01-26 03:11:56.047580,0 days 00:00:48.242323,1136.335047752745,0.5061634761841322,995.8208808550067,0.3883619051761655,6.398309509939948,4.339458858716189,0.2698679421158151,0.07000708302442404,COMPLETE
30,2.9790312965834924,2024-01-26 03:11:09.039327,2024-01-26 03:12:14.939273,0 days 00:01:05.899946,1221.6579480299604,0.49993224869283537,994.815687944903,0.40163655639443063,6.4475979775041035,4.324939603043435,0.27787027188189084,0.07719468640383642,COMPLETE
31,5.762218057300278,2024-01-26 03:11:28.756882,2024-01-26 03:12:29.669766,0 days 00:01:00.912884,1137.143703143181,0.5478109437807909,995.4076172756535,0.3776761681916916,6.572306245589134,4.336353360584434,0.2726763273825511,0.07627562796093518,COMPLETE
32,2.789781756244822,2024-01-26 03:11:57.148046,2024-01-26 03:13:16.341993,0 days 00:01:19.193947,1237.9428453306366,0.5462489150765703,1064.5484268012394,0.47851055985251595,5.757125137105441,5.798482950276456,0.32965097002598287,0.5660941090961508,COMPLETE
33,3.432843495720594,2024-01-26 03:12:14.974073,2024-01-26 03:13:16.405253,0 days 00:01:01.431180,1221.0759963625053,0.5466500924292365,1058.2003975763605,0.4052024283498558,6.491231685364594,5.7892119849858314,0.32744227855342406,0.008058030661634567,COMPLETE
34,3.7750675312146695,2024-01-26 03:12:29.681521,2024-01-26 03:13:30.711559,0 days 00:01:01.030038,1248.7631228711043,0.4747932270093099,1048.1733665570275,0.40690685628440004,6.5448530057393635,4.0497397567704345,0.3299978622787229,0.1596778761826384,COMPLETE
35,3.2962879292438405,2024-01-26 03:13:16.440010,2024-01-26 03:14:16.593212,0 days 00:01:00.153202,1248.4767822557687,0.47154642778084016,1074.9787955095364,0.47598585491997814,5.704980519812816,5.506198911338908,0.35466983123913065,0.496710105015954,COMPLETE
36,2.804156717812518,2024-01-26 03:13:30.700933,2024-01-26 03:14:01.002038,0 days 00:00:30.301105,1249.2753067949507,0.5225726722133521,1064.23542127466,0.47680303983290806,5.731374066317395,5.437791645801232,0.35194874756672434,0.5351645931176929,COMPLETE
37,3.3889570569977545,2024-01-26 03:13:30.727101,2024-01-26 03:14:31.448930,0 days 00:01:00.721829,1233.3365045952619,0.5005145268761237,1071.9508433791787,0.47906342288555975,7.1366416304302085,5.501037544272701,0.4254391303478329,0.5064814541080839,COMPLETE
38,3.2111111047733036,2024-01-26 03:14:16.504220,2024-01-26 03:15:16.739238,0 days 00:01:00.235018,1232.5186992948732,0.4994770206306591,1073.1803511857916,0.49998205664319423,5.976697405855175,5.601243719363092,0.3660005514605215,0.5600931734163985,COMPLETE
39,3.8480840956475517,2024-01-26 03:14:16.615341,2024-01-26 03:15:16.732254,0 days 00:01:00.116913,1205.7397733436799,0.5017252174114877,1007.3660321253808,0.5035257124610253,7.596799264767453,5.749052230191559,0.427536260849049,0.598128356310765,COMPLETE
40,2.954035763061549,2024-01-26 03:14:31.450963,2024-01-26 03:15:31.753790,0 days 00:01:00.302827,1210.2071355243897,0.5208109552799872,1013.2503401070561,0.5008239361477775,5.950720216879302,5.638225392621915,0.2412880376430869,0.5914758792465298,COMPLETE
41,3.007678895064786,2024-01-26 03:15:16.746705,2024-01-26 03:16:30.216212,0 days 00:01:13.469507,1262.1597164038346,0.5249438885311242,1013.2173435381595,0.4514359269896576,6.900883029571198,3.8146152750694364,0.2454231297349454,0.7263920115152298,COMPLETE
42,4.713861616250603,2024-01-26 03:15:16.813378,2024-01-26 03:16:30.227100,0 days 00:01:13.413722,1061.6265170870656,0.5204501899354741,1099.9745377860133,0.374364844688387,6.8348465801856655,3.8037820573475205,0.24494495655858797,0.658615387906153,COMPLETE
43,2.8107821957647765,2024-01-26 03:15:31.758585,2024-01-26 03:16:30.221789,0 days 00:00:58.463204,1214.745287888024,0.521760609301407,1013.824388490974,0.5167044516607882,5.750624014751552,5.340802494500695,0.2419912251249558,0.6920487302474567,COMPLETE
44,5.413926369314059,2024-01-26 03:16:30.229395,2024-01-26 03:17:00.537836,0 days 00:00:30.308441,1188.7890780353725,0.3868378524428038,974.3321705670156,0.5165132473946573,5.967483456417215,5.3240088107596435,0.1757396122693742,0.4608095872087776,COMPLETE
45,6.082793906935047,2024-01-26 03:16:30.238655,2024-01-26 03:17:30.798188,0 days 00:01:00.559533,1207.8537747290727,0.3800114152946158,977.0165159890929,0.5129020933432501,5.760663458950395,5.293877850571677,0.17765492531469304,0.4487463553184835,COMPLETE
46,5.176815556825416,2024-01-26 03:16:30.239455,2024-01-26 03:17:15.736133,0 days 00:00:45.496678,1192.299863715945,0.3741471358448159,972.9832558337969,0.5211075156280252,5.751283834619598,5.647784844146743,0.16707938060533967,0.6852380174382764,COMPLETE
47,2.6658619656424993,2024-01-26 03:17:01.015423,2024-01-26 03:18:02.221566,0 days 00:01:01.206143,1258.1517724368694,0.5138997335290925,1059.070493122782,0.5095438821467084,5.792389377178648,5.649834429518661,0.32677023304833946,0.7232072326265332,COMPLETE
48,4.211982797838572,2024-01-26 03:17:30.791242,2024-01-26 03:20:24.121557,0 days 00:02:53.330315,1206.518318409128,0.5120403538196635,1059.2171739211033,0.5119363046948167,5.906489496962281,5.415429752743347,0.3243079188388376,0.8222575336206221,COMPLETE
49,4.006233653141055,2024-01-26 03:17:30.811394,2024-01-26 03:20:39.754747,0 days 00:03:08.943353,1175.5833580232816,0.4543650037154747,1057.575608867372,0.5071488517409917,5.915114209037154,5.408296247860526,0.3162849769539591,0.8288981146071408,COMPLETE
50,3.8117148798552036,2024-01-26 03:20:24.134974,2024-01-26 03:33:50.364494,0 days 00:13:26.229520,1256.6844516545468,0.4170525599029242,1088.344899835391,0.5323478144637662,6.040449024710934,5.147219296460006,0.38877604099371915,0.8920991856567021,COMPLETE
51,3.0726883074682965,2024-01-26 03:20:24.135673,2024-01-26 03:21:11.369881,0 days 00:00:47.234208,1258.7740225818243,0.5388290448735723,1083.6613639766329,0.5322454621422962,6.224292777461048,5.113517516366986,0.407339397917688,0.9622967950798919,COMPLETE
52,4.837291901285377,2024-01-26 03:20:39.763615,2024-01-26 03:34:06.315206,0 days 00:13:26.551591,1251.282161420362,0.41638972352254355,1091.3563334099779,0.5329953490544884,5.61155404420931,5.153730625795152,0.3903838524947912,0.9629789590508947,COMPLETE
53,2.685868239699639,2024-01-26 03:21:11.421459,2024-01-26 03:34:36.891453,0 days 00:13:25.469994,1254.972256576508,0.5225234014733547,1011.0704430929561,0.4804644640863702,6.035699633445367,5.702700022446795,0.2962301333031614,0.56411686182479,COMPLETE
54,2.9646740259590443,2024-01-26 03:34:06.304805,2024-01-26 03:35:07.292666,0 days 00:01:00.987861,1240.5208729414203,0.5190225928176879,1019.1497333517065,0.4789824888077298,5.618625676774705,5.658916857647101,0.2946254771910167,0.5744303365451983,COMPLETE
55,2.7746440536196326,2024-01-26 03:34:06.325100,2024-01-26 03:34:51.914074,0 days 00:00:45.588974,1215.5930542878352,0.5224975021779809,1012.5329278401448,0.48349229297618723,5.719587857392847,5.686542702287705,0.2960120594954397,0.6029250657678553,COMPLETE
56,2.618532685892515,2024-01-26 03:34:36.940144,2024-01-26 03:35:34.451246,0 days 00:00:57.511102,1238.6910645310895,0.5123218196735532,1030.7789457456581,0.48366548719234925,5.736133184251977,5.694923709290695,0.2923176129709282,0.7383404502361439,COMPLETE
57,2.511517347913741,2024-01-26 03:35:07.296754,2024-01-26 03:36:09.298278,0 days 00:01:02.001524,1288.9653123989324,0.5120087737053775,1042.7691754422515,0.4936249625063068,5.709048146227147,5.724989419587109,0.3541608514691499,0.531944726538204,COMPLETE
58,2.4145572979121783,2024-01-26 03:35:07.309389,2024-01-26 03:36:09.302194,0 days 00:01:01.992805,1290.950746187303,0.5093344906648032,1042.1819593077464,0.4907697570600689,5.721875338268638,5.712310442221151,0.3487408757754811,0.5403501872840863,COMPLETE
59,3.787099884726556,2024-01-26 03:35:34.616307,2024-01-26 03:36:29.477163,0 days 00:00:54.860856,1285.7071212024657,0.5097334313875401,1041.9393540084059,0.4890429381539498,5.821709963162367,5.721231178754948,0.28691906664954364,0.7614739925378061,COMPLETE
60,2.711953229745982,2024-01-26 03:36:09.307310,2024-01-26 03:37:10.702645,0 days 00:01:01.395335,1289.4740488566533,0.49256573961193056,1040.0642972968367,0.4936747108203997,6.050099824728885,5.554848290817398,0.22108990401500903,0.7664938458373981,COMPLETE
61,3.0878829579136737,2024-01-26 03:36:09.319659,2024-01-26 03:37:10.702178,0 days 00:01:01.382519,1289.3892879858304,0.49118170195339483,1043.0112549867877,0.49271622986549174,5.836309927052809,5.549054046487958,0.37675211435769945,0.7718328947750557,COMPLETE
62,3.005330960182733,2024-01-26 03:36:29.478867,2024-01-26 03:37:31.421536,0 days 00:01:01.942669,1291.3370640453697,0.48276097089046544,1038.6256553299397,0.4945289490854114,6.0251424872876775,5.573915516292003,0.342026090080831,0.6331381075155105,COMPLETE
63,3.416698059292365,2024-01-26 03:37:11.564446,2024-01-26 03:38:02.450296,0 days 00:00:50.885850,1299.142403095389,0.4949017536080431,1030.406871137662,0.4693176656232315,6.035552181594925,5.584815797715789,0.21545744932357225,0.633839050745931,COMPLETE
64,3.2551761704203517,2024-01-26 03:37:15.739884,2024-01-26 03:38:32.268742,0 days 00:01:16.528858,1266.010706613362,0.48616879576267413,1031.7131496367535,0.4712493801789296,6.027150234857104,5.573700761776175,0.22903578777962694,0.6650373767558168,COMPLETE
65,3.2163104290366196,2024-01-26 03:37:31.423807,2024-01-26 03:38:32.262834,0 days 00:01:00.839027,1269.8913666286871,0.5109515743443079,1028.4686121402294,0.4688327071695479,5.68315427951549,5.532573914156638,0.22474644640314428,0.871208119096869,COMPLETE
66,3.0424892266425054,2024-01-26 03:38:32.270446,2024-01-26 03:38:51.829770,0 days 00:00:19.559324,1275.028786566481,0.44117588454314044,1050.2226725544444,0.45887245029346707,6.268924903930964,5.7050351185201675,0.2598699082958407,0.714745489347968,COMPLETE
67,3.721289806294861,2024-01-26 03:38:32.278659,2024-01-26 03:39:31.995799,0 days 00:00:59.717140,1278.3030528852564,0.46585114328926447,986.118628147805,0.4561976966874216,6.1996960682465225,5.706014661481675,0.30922580217231355,0.7930639121321219,COMPLETE
68,6.140955751569443,2024-01-26 03:38:32.286319,2024-01-26 03:39:32.004519,0 days 00:00:59.718200,1279.6208481059375,0.506726775241674,985.427659537118,0.4571975691823002,6.229252342862432,5.710518178072977,0.30981176049590897,0.7287538350903089,COMPLETE
69,2.9695274373632774,2024-01-26 03:38:54.515411,2024-01-26 03:39:51.992116,0 days 00:00:57.476705,1281.6349490142627,0.5070514023211246,984.6891850939492,0.49444687989873265,5.875061332317118,5.7996708179407355,0.19469837305318824,0.25465116453467135,COMPLETE
70,2.7936060223204784,2024-01-26 03:39:32.010787,2024-01-26 03:40:33.466746,0 days 00:01:01.455959,1299.2731929936294,0.5332280870404368,1002.8334957923337,0.4941152218609801,5.798333261809936,5.467193293869755,0.1927725356679239,0.4373520976033322,COMPLETE
71,2.5926907094317455,2024-01-26 03:39:32.018622,2024-01-26 03:40:33.895201,0 days 00:01:01.876579,1298.9842838058837,0.5281784565533172,1002.8753727429804,0.49556248193246105,5.817700295976437,5.4881404607126765,0.1954231058368871,0.4535624532732294,COMPLETE
72,4.798954161822973,2024-01-26 03:39:52.869295,2024-01-26 03:40:52.571609,0 days 00:00:59.702314,1298.179964579453,0.5328260550736198,953.3601066952521,0.48476227791785725,5.660503957806538,5.466765869562221,0.26289683743181913,0.45401861883798145,COMPLETE
73,3.5254541726285153,2024-01-26 03:40:34.014251,2024-01-26 03:41:22.842543,0 days 00:00:48.828292,1267.6372676400238,0.5265586016586101,1049.7585038280347,0.42693300232487197,5.66212192432551,5.618178045351308,0.13737916137556722,0.3700707865237194,COMPLETE
74,3.2554598064625067,2024-01-26 03:40:35.005073,2024-01-26 03:41:52.475561,0 days 00:01:17.470488,1267.170015756707,0.5156487867753494,957.7948956019768,0.4855840341182159,5.655562551532324,4.964917224210794,0.3665209000650425,0.5244397391844795,COMPLETE
75,4.141221481868013,2024-01-26 03:40:52.579998,2024-01-26 03:41:37.729236,0 days 00:00:45.149238,1267.4899009495932,0.5151459240952174,1024.2950322980876,0.4369925220998481,5.79980999097565,4.926615847952627,0.14414682438495066,0.36368113366843513,COMPLETE
76,3.3246535589312103,2024-01-26 03:41:22.908507,2024-01-26 03:42:13.512155,0 days 00:00:50.603648,1288.823576697181,0.5160147616511214,1002.3329327838283,0.5044208737878435,5.859755181195551,4.036858197167238,0.3660794382350922,0.5396006917679251,COMPLETE
77,2.7745541337062702,2024-01-26 03:41:52.482023,2024-01-26 03:42:52.948101,0 days 00:01:00.466078,1290.267397469367,0.4962630581590867,1001.6083889414441,0.5083097982939606,5.919558839340317,5.750018689752356,0.3475959845240118,0.4181655092221435,COMPLETE
78,3.293091826545321,2024-01-26 03:41:52.483734,2024-01-26 03:42:38.856358,0 days 00:00:46.372624,1244.0607790630024,0.4964278579022736,1035.5408232181271,0.5054050734357546,5.914825042029118,5.227751069265503,0.352030028563634,0.4146949116260741,COMPLETE
79,2.8001955048210947,2024-01-26 03:42:13.517420,2024-01-26 03:43:15.095424,0 days 00:01:01.578004,1227.8136188441438,0.5411620529569022,1020.9746419136452,0.5234796990444802,5.904623980288593,5.222926687920839,0.2806742911428798,0.4857761557405511,COMPLETE
80,2.6825393410186646,2024-01-26 03:42:52.942382,2024-01-26 03:43:35.885630,0 days 00:00:42.943248,1227.9134119149714,0.5284323701135627,1023.4709336794182,0.5090682081746549,5.709042478029344,5.757843798134136,0.2757944877295013,0.47359826550683687,COMPLETE
81,3.867848057332865,2024-01-26 03:42:52.957412,2024-01-26 03:43:55.128560,0 days 00:01:02.171148,1225.0925883276072,0.542804940090722,1019.827232427264,0.5261409178116255,5.604274738792378,3.8913500789221547,0.2843176846601977,0.4763734426548281,COMPLETE
82,2.5647025634497242,2024-01-26 03:43:16.386584,2024-01-26 03:44:15.777640,0 days 00:00:59.391056,1256.561430958206,0.5285579323870584,1068.8495876103348,0.49885859269659366,5.710249453904943,5.6473657735200415,0.2589760220292614,0.300548914250964,COMPLETE
83,2.587538962427555,2024-01-26 03:43:37.212431,2024-01-26 03:44:55.957453,0 days 00:01:18.745022,1259.7586072661877,0.5287623614844892,1065.9391959811467,0.498685700771372,5.704992289794789,5.757609979578748,0.2549880168864936,0.31477465711963504,COMPLETE
84,2.55661992223397,2024-01-26 03:43:55.133243,2024-01-26 03:44:55.952181,0 days 00:01:00.818938,1256.1494922376335,0.5275926848549715,1052.163068936584,0.49839126844685544,5.705896515983845,5.759229746449565,0.2583516861267247,0.5259984914484873,COMPLETE
85,2.938590108921644,2024-01-26 03:44:18.510733,2024-01-26 03:45:26.577201,0 days 00:01:08.066468,1256.2165597028086,0.5272286438011642,1067.3428773909516,0.5014179785655659,5.710225287464414,5.65439357463528,0.25662407146119603,0.2960371422613697,COMPLETE
86,2.841369638514996,2024-01-26 03:44:55.963906,2024-01-26 03:45:40.478291,0 days 00:00:44.514385,1259.7487416741155,0.5364125479592414,1067.4635685138016,0.4999646135231287,5.783783063409221,5.6428902763055575,0.2544007660141612,0.2925142854161728,COMPLETE
87,2.71121617626037,2024-01-26 03:44:55.965322,2024-01-26 03:45:54.992349,0 days 00:00:59.027027,1253.3592595734028,0.5360847058259187,1070.150631083632,0.4993134045961122,5.788244209676307,5.6667417774293005,0.25410160943146204,0.29945688903248513,COMPLETE
88,3.196713113324534,2024-01-26 03:45:40.446605,2024-01-26 03:46:41.093543,0 days 00:01:00.646938,1273.8926280067126,0.5490969531310738,1053.1753614749691,0.4989232664485848,5.785310431115914,5.762426549576278,0.3358844044592328,0.33232928191671407,COMPLETE
89,3.0498875960993628,2024-01-26 03:45:54.986623,2024-01-26 03:46:41.134119,0 days 00:00:46.147496,1274.239608676069,0.534846175514211,1081.2567423287103,0.5191160891132085,6.659990666734002,5.751132869653886,0.2344342945992705,0.2468790418926138,COMPLETE
90,3.926065867339971,2024-01-26 03:45:55.000291,2024-01-26 03:46:56.391139,0 days 00:01:01.390848,1106.730339994085,0.5040594948766376,1077.097480042021,0.5177293922434253,5.741326476893372,5.760248449681002,0.23241109109588923,0.37782405359245097,COMPLETE
91,3.572345771525388,2024-01-26 03:46:41.117554,2024-01-26 03:47:57.626305,0 days 00:01:16.508751,1234.7282797505786,0.5042900902993414,1059.0842882368117,0.49027808647661253,7.126339152623444,5.362743757383797,0.1585282002060428,0.23355161225231708,COMPLETE
92,3.5510687241263392,2024-01-26 03:46:56.379308,2024-01-26 03:47:57.632121,0 days 00:01:01.252813,1237.7439474367775,0.504299737394668,1078.3001363808332,0.5108585363558008,7.231544664113518,5.508068823082479,0.3048580319702896,0.3893389197263114,COMPLETE
93,2.9592136014549943,2024-01-26 03:46:56.397950,2024-01-26 03:47:57.637865,0 days 00:01:01.239915,1234.2188748931283,0.5295485919686729,1057.146519664814,0.511604141290564,5.698821099386015,5.611233018053698,0.31810723256481255,0.3388426668086302,COMPLETE
94,4.285327180742496,2024-01-26 03:47:57.639966,2024-01-26 03:48:58.376207,0 days 00:01:00.736241,1200.2044226694734,0.5260773612731778,1046.1004021203335,0.4134392790205109,5.632954364994153,5.782556636430569,0.2743562318911521,0.49980860082822964,COMPLETE
95,6.27449456377466,2024-01-26 03:47:57.641455,2024-01-26 03:48:28.039958,0 days 00:00:30.398503,1247.4348077310067,0.5271167187818103,801.6959703095433,0.4163382979008305,5.6378429944896284,4.269176180911941,0.20713641738500138,0.5235386520689644,COMPLETE
96,2.9048066406232103,2024-01-26 03:47:57.651699,2024-01-26 03:48:43.714093,0 days 00:00:46.062394,1283.1573104278204,0.5268949216079326,1046.4287054592946,0.5391884864501468,5.634251284982976,5.77944112847765,0.1986463776902336,0.513930855000266,COMPLETE
97,2.920419091356831,2024-01-26 03:48:28.225774,2024-01-26 03:49:24.277424,0 days 00:00:56.051650,1197.625768385931,0.5143504647401526,1048.091970471616,0.4968925762226174,5.829718776859239,5.796949927450835,0.2704595645400304,0.5053028764634585,COMPLETE
98,3.5151485058890817,2024-01-26 03:48:58.377279,2024-01-26 03:49:58.188370,0 days 00:00:59.811091,1243.387855518793,0.5144498613404318,1035.3400801973423,0.44410591257564724,5.710636366963115,5.6825934669434055,0.27229862764519513,0.47966483022889916,COMPLETE
99,2.853756062763139,2024-01-26 03:48:58.383827,2024-01-26 03:49:43.362901,0 days 00:00:44.979074,1243.8644516902107,0.513330442208539,1064.372864912443,0.4736545923607916,5.69411223819097,5.611349681739058,0.26931234947019295,0.5464716903169007,COMPLETE
100,3.985222163735686,2024-01-26 03:49:25.287653,2024-01-26 03:50:18.595550,0 days 00:00:53.307897,1243.4879692937186,0.5187553205400438,1034.4487698568103,0.47400864305889884,5.718051451049383,5.6109755963201895,0.1822631409513583,0.40379829330921896,COMPLETE
101,2.371864686407394,2024-01-26 03:49:43.431672,2024-01-26 03:50:42.403865,0 days 00:00:58.972193,1263.23630504865,0.5197359061503269,1036.8829287225856,0.4464104150238514,5.738242823296697,5.691790142439776,0.32147343676576373,0.43733818380985323,COMPLETE
102,2.9073770638616705,2024-01-26 03:49:58.193263,2024-01-26 03:50:56.638095,0 days 00:00:58.444832,1262.7788253413555,0.5186665908354939,1055.0954420752266,0.5077993221219712,5.746221471594778,5.723689804733631,0.1879841246417418,0.43861928830158975,COMPLETE
103,4.60886190807495,2024-01-26 03:50:20.965568,2024-01-26 03:51:16.504860,0 days 00:00:55.539292,1262.399839344913,0.5225487961877484,1008.5746620102755,0.4885876569307026,5.860242247225458,5.730443523184374,0.2937053708921661,0.5798443072673349,COMPLETE
104,3.956381330284545,2024-01-26 03:50:56.639280,2024-01-26 03:51:56.617602,0 days 00:00:59.978322,1282.6191826900742,0.5094453745731321,1026.452539867542,0.4521824849554297,5.836827580964275,5.672309029881362,0.3163483213631396,0.4665239689088916,COMPLETE
105,2.7983632014633804,2024-01-26 03:50:56.645503,2024-01-26 03:51:38.112137,0 days 00:00:41.466634,1261.6030692562629,0.5089862116317525,1040.6734959915968,0.4397711860289792,5.838514350618074,5.67854295925456,0.28867008788334597,0.3512463289900169,COMPLETE
106,4.650521201383119,2024-01-26 03:51:16.524894,2024-01-26 03:52:15.514245,0 days 00:00:58.989351,1283.295613663619,0.5436490615415559,1023.4785263337602,0.43741829591897835,5.976582889091473,5.674524564486165,0.3188499298278892,0.46805706982137946,COMPLETE
107,2.7844295832009927,2024-01-26 03:51:38.466926,2024-01-26 03:52:35.464900,0 days 00:00:56.997974,1283.7106463710434,0.5317341964845058,1027.2015768424938,0.4619972388507153,5.675026674258989,5.557099537106703,0.33810204659666393,0.43324737877278074,COMPLETE
108,4.804367961365772,2024-01-26 03:51:56.623567,2024-01-26 03:52:57.446406,0 days 00:01:00.822839,1295.0140046573292,0.5410708804784311,1021.3988314038784,0.42636891792251197,5.67426891777785,5.527090912284883,0.3367693298638888,0.4327858303162003,COMPLETE
109,2.637835598447627,2024-01-26 03:52:15.522490,2024-01-26 03:53:16.316446,0 days 00:01:00.793956,1294.5057480855726,0.5312007684413839,1085.7674405051416,0.4633824044364675,5.682747334330881,5.578965963256139,0.33888016925253184,0.4286123823824294,COMPLETE
110,3.044782789454483,2024-01-26 03:52:35.472393,2024-01-26 03:53:36.190531,0 days 00:01:00.718138,1252.6492264247845,0.5407983412915349,1062.923641225168,0.503835643682514,5.761906693263174,5.483721451373995,0.4065483585071896,0.3887233546621262,COMPLETE
111,3.0240549242069203,2024-01-26 03:52:58.459183,2024-01-26 03:53:55.603113,0 days 00:00:57.143930,1219.943863984076,0.5240992567403229,1060.388135904403,0.43254416204568075,5.76920895879691,5.72908282134407,0.4040324307953141,0.3904074803037963,COMPLETE
112,2.8594602670938114,2024-01-26 03:53:16.326260,2024-01-26 03:54:16.420084,0 days 00:01:00.093824,1271.8062410935306,0.5382991678281236,1087.7875630697033,0.4847734993217037,5.763073667494377,5.499865700073372,0.3839763259300159,0.38806424946359197,COMPLETE
113,2.644383387795746,2024-01-26 03:53:36.192119,2024-01-26 03:54:36.368334,0 days 00:01:00.176215,1271.8260334391591,0.530616046142732,1091.1912212006955,0.44609865487109873,5.741294004219608,5.632488812920901,0.36251587369137855,0.3048342731124236,COMPLETE
114,2.664365660949409,2024-01-26 03:53:55.616901,2024-01-26 03:55:02.917081,0 days 00:01:07.300180,1293.5804531959616,0.5308736193855578,1054.1717908793498,0.4899895915814755,5.601836570266905,5.587820873877093,0.3778672057480695,0.3190488080060597,COMPLETE
115,2.5527207967841594,2024-01-26 03:54:16.430944,2024-01-26 03:55:19.958295,0 days 00:01:03.527351,1293.0901640383224,0.5302167744314837,1094.1387510669636,0.44741750828821025,5.600266784006524,5.5905555209195175,0.37391916887374327,0.6098048310559642,COMPLETE
116,3.1156483627463065,2024-01-26 03:54:36.377429,2024-01-26 03:55:36.628200,0 days 00:01:00.250771,1274.3900751472918,0.5307134919531591,1090.9071062997843,0.447177573161575,5.61598161756321,5.05180550136859,0.36207688484769984,0.31263788529666336,COMPLETE
117,2.4365515669093543,2024-01-26 03:55:03.268382,2024-01-26 03:56:37.437521,0 days 00:01:34.169139,1294.3481254441003,0.5338895146563538,1090.6427628005383,0.4817316600202672,5.623306447940706,5.597917884697096,0.3727013134168682,0.2745483931335015,COMPLETE
118,2.53620674244397,2024-01-26 03:55:22.243295,2024-01-26 03:56:37.436104,0 days 00:01:15.192809,1277.9371522144352,0.5342513029732838,1094.208722029259,0.4503695464232888,5.6475542649408865,4.724289221281043,0.36030762055452614,0.60786039868916,COMPLETE
119,2.4290325364046823,2024-01-26 03:55:36.636234,2024-01-26 03:56:07.193907,0 days 00:00:30.557673,1291.1068967891813,0.534994948618009,1084.263708110103,0.44933448824380673,5.666429382986046,5.41898450949563,0.12725558637867432,0.21709085852259924,COMPLETE
120,6.026349223334423,2024-01-26 03:56:22.241708,2024-01-26 03:57:06.166825,0 days 00:00:43.925117,1293.706002369756,0.5184696518372107,925.4627333258052,0.45009305244722647,5.663535611839367,5.426643417024934,0.4787392470021722,0.21174548592585907,COMPLETE
121,2.6547220038330903,2024-01-26 03:56:37.439237,2024-01-26 03:57:22.398269,0 days 00:00:44.959032,1285.922503466517,0.5460586169635958,1097.6724588152617,0.45178764863254534,5.649464960638226,5.365478802740398,0.1173068651440568,0.21791409209646873,COMPLETE
122,2.6571224270459095,2024-01-26 03:56:37.443327,2024-01-26 03:57:36.683993,0 days 00:00:59.240666,1299.970531005331,0.5461407288731817,1098.8059369454727,0.47899800218895855,5.653651478002726,4.801658458665538,0.06398481527056012,0.2166822239360181,COMPLETE
123,2.8656931847802656,2024-01-26 03:57:07.694512,2024-01-26 03:58:07.801864,0 days 00:01:00.107352,1287.0168077356604,0.5455502552024992,1096.8479654301957,0.4803981691079858,5.647640303294793,4.717009161260232,0.11661179517920836,0.2769252810068428,COMPLETE
124,2.78997708420055,2024-01-26 03:57:22.419235,2024-01-26 03:58:23.444153,0 days 00:01:01.024918,1287.9425235527144,0.5346154860376265,1094.4780270957644,0.4812239283674195,5.73255699914794,4.63312698273507,0.07638889206989952,0.27792154479265996,COMPLETE
125,2.6930920388210695,2024-01-26 03:57:36.689408,2024-01-26 03:58:38.308050,0 days 00:01:01.618642,1280.7397086764008,0.5370045289066324,1075.6396710450206,0.4420316100748553,5.719903113049257,4.664262354890553,0.3706063781337805,0.16422947805640237,COMPLETE
126,3.453467548759439,2024-01-26 03:58:08.014199,2024-01-26 03:59:06.457263,0 days 00:00:58.443064,1002.829491030042,0.5215833669161517,1073.8063673026866,0.44126923723102945,5.726672526504036,5.44417389525071,0.09406992767938627,0.6083478394153884,COMPLETE
127,2.7200292180969363,2024-01-26 03:58:38.302366,2024-01-26 03:59:40.304722,0 days 00:01:02.002356,1278.31265675201,0.5234282128405946,1075.1059915750996,0.4404226619067114,5.806152769371474,4.458479191365583,0.4304056628692964,0.6060231900520514,COMPLETE
128,2.51927996277899,2024-01-26 03:58:38.314957,2024-01-26 03:59:40.295999,0 days 00:01:01.981042,1277.669454986407,0.5192761842299418,1071.4402985213715,0.42512033745663547,5.692226511042045,5.533109632544979,0.34859938595652695,0.6055666099159213,COMPLETE
129,5.947151331946585,2024-01-26 03:59:06.758261,2024-01-26 04:00:00.637829,0 days 00:00:53.879568,1267.742293934443,0.5238907619476562,1082.8710210803138,0.3506024922795326,5.8186845068726045,5.712498237938543,0.4242920865177001,0.5559431882331362,COMPLETE
130,3.3341911198311456,2024-01-26 03:59:40.307518,2024-01-26 04:00:25.115384,0 days 00:00:44.807866,1075.7132176717132,0.5376537439464257,1083.043854334823,0.46785075169722895,5.881320108799321,5.538464579779572,0.3550864168888443,0.5480728093250045,COMPLETE
131,3.7301945674278243,2024-01-26 03:59:40.309284,2024-01-26 04:00:38.809889,0 days 00:00:58.500605,1267.9210196678796,0.5385597664346856,1072.0798759338977,0.4245405509475027,5.606209181865978,5.5488751485838925,0.3506590659220661,0.6475615222039053,COMPLETE
132,2.7954689168522053,2024-01-26 04:00:00.645706,2024-01-26 04:00:59.447146,0 days 00:00:58.801440,1276.0732718578174,0.5384108300492683,1081.9434552024704,0.46806044133763375,5.874493772280473,5.384849811446164,0.39895976334225264,0.17281854611444564,COMPLETE
133,3.2526645930227853,2024-01-26 04:00:25.151319,2024-01-26 04:01:37.365448,0 days 00:01:12.214129,1268.8194074037724,0.5181301536211247,1069.839632475216,0.4272174024895902,5.614512209004067,5.62402628469557,0.39828614822590297,0.6346419378708286,COMPLETE
134,2.366382439019571,2024-01-26 04:00:38.814575,2024-01-26 04:01:37.372046,0 days 00:00:58.557471,1277.147447776339,0.5200031636398603,1079.8707563805162,0.4331951908773104,5.601872754402064,5.385598474109321,0.24270193690636657,0.1807353463408331,COMPLETE
135,3.445478779240836,2024-01-26 04:00:59.452196,2024-01-26 04:01:58.057389,0 days 00:00:58.605193,1292.0107874743367,0.5177729098945214,1067.8201893382502,0.43191535859030894,5.694658975550593,4.072528660621068,0.24712335134886088,0.6224612479962971,COMPLETE
136,2.9980985688650343,2024-01-26 04:01:37.374068,2024-01-26 04:02:24.311553,0 days 00:00:46.937485,1292.2289507382263,0.5111173656834258,1090.8792697469598,0.4973988099557856,5.68190489065275,5.317036545503489,0.24396524533077488,0.19392818184679164,COMPLETE
137,4.55709094850862,2024-01-26 04:01:37.378052,2024-01-26 04:02:40.237772,0 days 00:01:02.859720,1291.7186005595972,0.5113697762008024,855.3039957393894,0.493656287639621,5.689489662622578,4.849726220259982,0.3764892245538196,0.18528418390454368,COMPLETE
138,2.6559527625583463,2024-01-26 04:01:58.060276,2024-01-26 04:02:59.643056,0 days 00:01:01.582780,1277.6969860211063,0.5258278519188322,1090.3586432012244,0.4971458945650343,5.688216000602326,5.465798296647439,0.30364191886458525,0.19214465777418469,COMPLETE
139,2.74960818391897,2024-01-26 04:02:24.322828,2024-01-26 04:03:27.827240,0 days 00:01:03.504412,1277.186526513463,0.5266032013990731,1080.2237665665289,0.4224569422992652,5.604323040398589,5.454687304278547,0.043437051294983306,0.1366894202805063,COMPLETE
140,3.9050288767236068,2024-01-26 04:02:41.216377,2024-01-26 04:03:57.135332,0 days 00:01:15.918955,1280.1083055441886,0.5275019771980242,1086.4385658957128,0.4194955436569566,6.370547947549362,5.689240002689701,0.3036529121456637,0.11212260501537713,COMPLETE
141,4.548578040282705,2024-01-26 04:02:59.648711,2024-01-26 04:03:57.133873,0 days 00:00:57.485162,1256.908891824994,0.49920162235049814,1052.6298643885361,0.4125303068638154,5.602738051359198,5.6437440496886015,0.327927129792031,0.1104111616413068,COMPLETE
142,6.214508454831687,2024-01-26 04:03:27.901219,2024-01-26 04:04:16.964197,0 days 00:00:49.062978,1299.4855541378722,0.5006233316183102,1051.6120576350536,0.41808403573148906,5.772092520397684,5.6393870956309735,0.21888708059186301,0.5795901135583191,COMPLETE
143,2.669884485987578,2024-01-26 04:03:57.143797,2024-01-26 04:04:40.596194,0 days 00:00:43.452397,1250.87498028846,0.5341560393477188,1040.6652298703932,0.4547130159726283,5.775990184875266,5.276464204875689,0.16516169018156696,0.6877504896158286,COMPLETE
144,2.576851989649449,2024-01-26 04:03:57.149034,2024-01-26 04:04:56.127725,0 days 00:00:58.978691,1299.4995869561103,0.5340593684331443,1041.4109888522958,0.4866595781219282,5.754736529566996,5.583556774267617,0.21894462496755934,0.5760203359152448,COMPLETE
145,4.883745667204146,2024-01-26 04:04:17.197710,2024-01-26 04:05:14.261826,0 days 00:00:57.064116,1252.0593517606724,0.35069433763816904,1043.2284881869584,0.43045616376568524,5.735966643644851,5.268250356623556,0.157206006580348,0.24639461968699305,COMPLETE
146,3.5275675386181184,2024-01-26 04:04:40.983934,2024-01-26 04:05:37.956864,0 days 00:00:56.972930,1286.73925410315,0.5203330961682797,1064.7062876550372,0.4368323825147353,5.643443990352104,5.579069823361386,0.356693432235358,0.2563559472836428,COMPLETE
147,4.07273179811438,2024-01-26 04:04:56.133847,2024-01-26 04:05:52.480961,0 days 00:00:56.347114,1017.8081184562375,0.5499891459503492,1065.3489963896436,0.4877523035006711,7.051063216443153,5.592357058341813,0.2302484190857416,0.23878815860374603,COMPLETE
148,2.488795602236409,2024-01-26 04:05:14.266874,2024-01-26 04:06:13.535294,0 days 00:00:59.268420,1286.846280737658,0.5338317457156101,1062.2146023358866,0.4853723385836865,5.649200283506954,5.590289767237991,0.22911791802422146,0.5753029420353292,COMPLETE
149,3.47117094821876,2024-01-26 04:05:38.080703,2024-01-26 04:06:37.797325,0 days 00:00:59.716622,1299.3636432719807,0.43690743902376666,1034.0357218816064,0.4868444903072984,5.812759677497348,5.5036582618433485,0.23930273966084484,0.5872425860192357,COMPLETE
150,2.7871431620946274,2024-01-26 04:05:52.487168,2024-01-26 04:06:51.179251,0 days 00:00:58.692083,1263.2237278183175,0.5326313422669258,1078.1814572272724,0.4907776404708497,5.806114780999434,5.403394942097586,0.3462586891841012,0.5305423965300619,COMPLETE
151,2.5082302925229967,2024-01-26 04:06:13.539313,2024-01-26 04:07:11.919133,0 days 00:00:58.379820,1299.3075655280165,0.5325321352376454,1076.4252841320022,0.49031297174635263,5.665630312311111,5.507390253772791,0.21241917260157456,0.5940628957815225,COMPLETE
152,2.4180680739626985,2024-01-26 04:06:51.169387,2024-01-26 04:07:42.557531,0 days 00:00:51.388144,1285.6795355522129,0.5322167860873945,1075.4286095674836,0.4586605141250056,5.638817443522142,5.4060055942832586,0.2104045227670017,0.6672640695990328,COMPLETE
153,2.4333669926133137,2024-01-26 04:06:51.184577,2024-01-26 04:07:57.702669,0 days 00:01:06.518092,1285.7211954201068,0.5420284276458904,1059.496330899349,0.48427546555817036,5.725257322274596,5.737692937684137,0.20851954875497652,0.5617037513733893,COMPLETE
154,2.5676434347173585,2024-01-26 04:07:11.925214,2024-01-26 04:08:13.669324,0 days 00:01:01.744110,1287.2302079140184,0.5327249132663532,1071.3659875287779,0.501719749087206,5.65945836517482,5.559860854229357,0.21109849733510774,0.612801256756682,COMPLETE
155,2.5919924525187072,2024-01-26 04:07:42.800183,2024-01-26 04:08:41.746714,0 days 00:00:58.946531,1286.4822993933922,0.5341165819408332,1071.3344331990743,0.46095618958932305,5.6387491331714426,5.543725912977692,0.20797677030421158,0.6627241940656491,COMPLETE
156,2.366850141820033,2024-01-26 04:08:13.662862,2024-01-26 04:08:56.391836,0 days 00:00:42.728974,1286.859487059614,0.5354451449208064,1071.3142913282638,0.4748526056755165,5.648454408444204,5.562591729522781,0.21873382401253488,0.6549698225249414,COMPLETE
157,2.544569488907431,2024-01-26 04:08:13.678444,2024-01-26 04:09:12.150120,0 days 00:00:58.471676,1285.5085619864858,0.5418211878118913,1072.2808825964148,0.45748252423585634,5.650540592956441,5.532258226108042,0.2059769100686848,0.6548313297266573,COMPLETE
158,2.65197100088767,2024-01-26 04:08:41.782128,2024-01-26 04:09:41.739424,0 days 00:00:59.957296,1283.4770607235723,0.5402481096643211,1079.120149698536,0.44929855700121596,5.660856284392161,5.516232283975833,0.21203423332950574,0.6115187880158649,COMPLETE
159,2.7367466652970553,2024-01-26 04:09:12.143890,2024-01-26 04:10:11.249663,0 days 00:00:59.105773,1281.6930313553005,0.5420418358656426,1085.3726508778875,0.4478598814820609,5.65261101101571,5.428670711579292,0.23219166065026575,0.6492320635588587,COMPLETE
160,2.8387157933683036,2024-01-26 04:09:12.155330,2024-01-26 04:10:11.255561,0 days 00:00:59.100231,1280.1069380732108,0.5425620566202756,1086.01634873362,0.44747708136072384,5.642810900134131,5.411938079757047,0.20262722603424588,0.6825284074359359,COMPLETE
161,2.6382151721747515,2024-01-26 04:09:41.835382,2024-01-26 04:11:10.283265,0 days 00:01:28.447883,1293.8780576405622,0.5430923637741446,1085.3757542147314,0.45335906021803846,5.636364505764086,5.429057015348402,0.19949083382195573,0.6609248665757932,COMPLETE
162,2.791811174762805,2024-01-26 04:10:11.257486,2024-01-26 04:11:10.281760,0 days 00:00:59.024274,1291.1489055213442,0.5369475941931822,1059.5985195839319,0.45709069626014,5.706983350273129,5.660972099987376,0.22561478564457885,0.7085283644265548,COMPLETE
163,2.472702153208854,2024-01-26 04:10:11.263268,2024-01-26 04:11:10.270740,0 days 00:00:59.007472,1294.3374432433343,0.5443130562263029,1060.7387017178082,0.4580734389026772,5.602305739305313,5.617165939440596,0.2241211832945348,0.5617020406696748,COMPLETE
164,2.3704430562670997,2024-01-26 04:11:10.284303,2024-01-26 04:11:56.045751,0 days 00:00:45.761448,1275.0909421193687,0.5475125663450555,1099.8832288152096,0.4607395120408187,5.613827527954758,5.503702995845758,0.1857853201279378,0.5636588996444264,COMPLETE
165,2.3592400952761325,2024-01-26 04:11:10.290040,2024-01-26 04:11:56.050862,0 days 00:00:45.760822,1273.659708147686,0.5491727539700585,1060.9988644513587,0.47452108796565745,5.607163871824973,5.511508385504664,0.3720185949739486,0.5615833723399446,COMPLETE
166,2.987888395265081,2024-01-26 04:11:10.294322,2024-01-26 04:12:10.392411,0 days 00:01:00.098089,1272.6742400357143,0.5489461729932561,1060.84797114102,0.4600826110583266,5.601876425317291,5.476549930170411,0.18408100317321455,0.5580032322978472,COMPLETE
167,2.5248468847552523,2024-01-26 04:11:56.079733,2024-01-26 04:13:10.372884,0 days 00:01:14.293151,1272.3761042875074,0.5471373164353407,1099.2590654682035,0.47351066055855084,5.606941143235103,5.358414901336243,0.18254987452660873,0.5605638483429195,COMPLETE
168,2.4063338467981503,2024-01-26 04:12:10.383009,2024-01-26 04:12:41.002706,0 days 00:00:30.619697,1274.4943898579204,0.5463509949962148,1077.5589885855475,0.4723817836385646,5.675532475332436,5.458813133509155,0.177471754862899,0.5617874436342742,COMPLETE
169,2.9050650360134043,2024-01-26 04:12:10.394757,2024-01-26 04:13:10.378825,0 days 00:00:59.984068,1273.60661284313,0.549789626029015,1099.0102460113692,0.4727846832116306,5.680446807607808,5.364583782329464,0.22113858406820483,0.5855029939321794,COMPLETE
170,2.591763784531166,2024-01-26 04:12:41.057501,2024-01-26 04:13:56.455595,0 days 00:01:15.398094,1275.1405741483848,0.5491904902269097,1076.3186280872678,0.47172776444664655,5.695704630151482,5.487931918522082,0.18833116072525524,0.5894217959415986,COMPLETE
171,2.7207091076109253,2024-01-26 04:13:10.380629,2024-01-26 04:13:56.475414,0 days 00:00:46.094785,1269.6563743592385,0.5457426091056093,1077.5786224063513,0.4753254949786757,6.786062204754727,5.314879304181995,0.16910561324017212,0.5607463016815235,COMPLETE
172,2.4615033066105747,2024-01-26 04:13:10.389934,2024-01-26 04:14:10.457776,0 days 00:01:00.067842,1288.4076091517413,0.5451976798976186,1078.1120933618674,0.4760839035626058,5.730469998656401,5.328612573051088,0.18278086771684313,0.5646733818310222,COMPLETE
173,2.4906439504585984,2024-01-26 04:14:10.447389,2024-01-26 04:15:09.498262,0 days 00:00:59.050873,1288.1118226441806,0.5452968464311307,1090.8956607443915,0.46533806618222573,5.6312437906717,5.342565260316212,0.17518965671574982,0.5336662769067463,COMPLETE
174,2.5873431473856883,2024-01-26 04:14:10.459908,2024-01-26 04:14:55.440408,0 days 00:00:44.980500,1289.0847439831164,0.5450442384391203,1063.1353386885985,0.46540789824039497,5.602548579095973,5.453131333557657,0.13260250740772456,0.5443246388472859,COMPLETE
175,2.602614020232915,2024-01-26 04:14:10.464573,2024-01-26 04:14:55.411907,0 days 00:00:44.947334,1288.5841343583427,0.5447891356424599,1063.8585252485611,0.47589000829122036,5.603117548740182,5.3562560658014,0.173016422154427,0.5113739465497861,COMPLETE
176,2.8298972478248663,2024-01-26 04:15:09.492017,2024-01-26 04:15:55.164936,0 days 00:00:45.672919,1282.0410315090146,0.5390602376954858,1090.3823212207212,0.48295534533586765,5.742351872762092,5.19951749743485,0.18170484248444338,0.5666909119692459,COMPLETE
177,2.6064112140890368,2024-01-26 04:15:09.500656,2024-01-26 04:16:10.504059,0 days 00:01:01.003403,1281.718412259364,0.540718885564418,1056.6887875997359,0.46560598389869934,5.731422061720111,5.3882680681051225,0.1527920862943119,0.4950434474656751,COMPLETE
178,2.8499922334208536,2024-01-26 04:15:09.504556,2024-01-26 04:15:55.169890,0 days 00:00:45.665334,1281.805727804666,0.542567629598921,1079.9909543662543,0.4824368860807516,5.729039886073872,5.2352205921344215,0.19481901840391852,0.5327357615414,COMPLETE
179,2.473253387676295,2024-01-26 04:16:10.497384,2024-01-26 04:16:38.506294,0 days 00:00:28.008910,1293.6716046763784,0.5392743653960165,1055.6865060530142,0.4652590679184817,5.678638350014904,5.391871386571667,0.15813006716453282,0.5002615873098656,COMPLETE
180,2.834512363286362,2024-01-26 04:16:10.509525,2024-01-26 04:17:08.695715,0 days 00:00:58.186190,1294.8924292582221,0.5380647053220241,1074.1635586604637,0.4776196023254185,5.684790393197168,5.511109108856426,0.2156611367699208,0.5367054372134004,COMPLETE
181,2.506596403963234,2024-01-26 04:16:10.511441,2024-01-26 04:16:52.923094,0 days 00:00:42.411653,1291.1485448082299,0.549923018096038,1073.2154926719493,0.46544849550919337,5.669630768203454,5.511349951691674,0.19389079961649958,0.5420814406943344,COMPLETE
182,2.8144058506689924,2024-01-26 04:16:52.886306,2024-01-26 04:17:39.989183,0 days 00:00:47.102877,1295.3271967238272,0.5370971844609851,1050.7050214159417,0.46806317581723794,5.657620326885001,5.426098408212471,0.12915057874635616,0.519564762546934,COMPLETE
183,2.6140523252782737,2024-01-26 04:17:08.689484,2024-01-26 04:18:08.405592,0 days 00:00:59.716108,1298.2612378991503,0.5458516615989761,1055.45585544546,0.46255324821357674,5.671804293633352,5.303212871359328,0.16512683707096049,0.5177115658549858,COMPLETE
184,2.502340699755878,2024-01-26 04:17:08.700428,2024-01-26 04:18:08.414718,0 days 00:00:59.714290,1294.2407413146566,0.5459212149612948,1046.6865386689237,0.46778971516146894,5.666423765269651,5.298967434841858,0.16230283862378392,0.5215816949545582,COMPLETE
185,2.718752315118833,2024-01-26 04:18:08.398986,2024-01-26 04:18:54.263857,0 days 00:00:45.864871,1289.173839422699,0.5462759150792639,1056.730193191299,0.4644967000591751,5.668399991174498,5.304347588141699,0.19262638221565379,0.4961452051573028,COMPLETE
186,2.3938434060519187,2024-01-26 04:18:08.416306,2024-01-26 04:18:38.866402,0 days 00:00:30.450096,1290.172523681369,0.5499936239902594,1083.2229468001667,0.47052202331779613,5.643118992865551,5.326360447067366,0.14394595649655703,0.5721874032657716,COMPLETE
187,3.1646696311484512,2024-01-26 04:18:08.419086,2024-01-26 04:19:09.256343,0 days 00:01:00.837257,1290.7551781978216,0.5456701805745279,1080.3720289778073,0.47074326872599725,5.638684137226012,5.334960637897475,0.1738619611216256,0.493976286526825,COMPLETE
188,2.359479687125432,2024-01-26 04:18:38.991341,2024-01-26 04:20:08.838727,0 days 00:01:29.847386,1289.0267085212595,0.5499809424935711,1083.0900156824423,0.4685587531256623,5.6516807823936706,5.308765926740659,0.15768999672610592,0.5027324308081633,COMPLETE
189,2.6914826866067645,2024-01-26 04:19:09.257876,2024-01-26 04:20:08.845490,0 days 00:00:59.587614,1285.6427002826335,0.5499757356008027,1088.3495503552338,0.46698637938710813,5.763361116976727,5.388581781956356,0.1459159898733104,0.548940072696363,COMPLETE
190,2.7943604121851524,2024-01-26 04:19:09.265421,2024-01-26 04:19:39.680178,0 days 00:00:30.414757,1285.6679214958756,0.5498069740512929,1087.794113719185,0.4681075785815048,5.7498846493133,5.381748169207672,0.14188912336958157,0.550571544638295,COMPLETE
191,3.6662168580890353,2024-01-26 04:19:39.749567,2024-01-26 04:20:28.930653,0 days 00:00:49.181086,1120.7774571970083,0.5496264489192095,1067.343695803686,0.47795096681296545,7.589188918905001,5.250495006424445,0.15504382160380598,0.5716230539539044,COMPLETE
192,3.0132786337626625,2024-01-26 04:20:08.848264,2024-01-26 04:20:54.016054,0 days 00:00:45.167790,1292.600420953083,0.5428687698800431,1067.7196687034084,0.46003284750003154,5.638011634693588,5.27385191499927,0.15568769883752342,0.5716500407221929,COMPLETE
193,3.1334171501042136,2024-01-26 04:20:08.855662,2024-01-26 04:21:07.934937,0 days 00:00:59.079275,1292.853409387378,0.5430761717525061,1067.1975344383418,0.4611533733322943,5.6406366645004855,5.259077609457255,0.16474140209967733,0.5759997105157532,COMPLETE
194,2.4297733724394748,2024-01-26 04:20:28.938541,2024-01-26 04:21:27.629895,0 days 00:00:58.691354,1292.7479633576725,0.5420280525321578,1082.7042898132327,0.45974496288077615,5.640637708937239,5.325689152420241,0.15692536845596977,0.5151011956125807,COMPLETE
195,4.186123030690408,2024-01-26 04:20:54.197667,2024-01-26 04:21:52.497103,0 days 00:00:58.299436,1294.0630579200094,0.5417880793121841,892.363181320078,0.46268273475422034,5.71000309734491,5.194924296617864,0.1291552345504775,0.5093959790974112,COMPLETE
196,2.462954522615908,2024-01-26 04:21:07.942262,2024-01-26 04:22:08.290546,0 days 00:01:00.348284,1278.1786954054467,0.5400024172450203,1093.4387632061141,0.46995176836363584,5.718866371454737,5.456525351087166,0.1268142157144224,0.5179581146554826,COMPLETE
197,2.607780530698334,2024-01-26 04:21:27.635109,2024-01-26 04:22:27.922225,0 days 00:01:00.287116,1280.175244646367,0.539966428763845,1082.868151766546,0.47096449473057295,5.708708519676633,5.406293038465796,0.135227261828481,0.5030159761107567,COMPLETE
198,3.0016691217766116,2024-01-26 04:22:08.280765,2024-01-26 04:22:51.758315,0 days 00:00:43.477550,1278.2422827617588,0.5387465609871573,1091.838331906321,0.4715327042438068,5.71126638746,5.350348059851475,0.14163536601129262,0.48928307397643683,COMPLETE
199,2.4636317380479755,2024-01-26 04:22:08.292263,2024-01-26 04:23:07.015797,0 days 00:00:58.723534,1277.494757289354,0.5363106581289927,1094.902567248236,0.4557145162335701,5.604349121821198,5.351119120277075,0.12453415942435861,0.48741812735659895,COMPLETE
200,2.6139956579743258,2024-01-26 04:22:27.925006,2024-01-26 04:23:27.290024,0 days 00:00:59.365018,1266.916317646045,0.538841237548316,1094.0783875623742,0.4547851039917913,5.602141051422727,5.3336581094535065,0.11381485250912893,0.47868787780843813,COMPLETE
201,2.8529952409857695,2024-01-26 04:23:07.009025,2024-01-26 04:24:06.630316,0 days 00:00:59.621291,1267.900351876811,0.5358459990740388,1093.9090820367942,0.45593603087894585,5.627053292340197,5.449335687049801,0.11373348009944138,0.4774404545761058,COMPLETE
202,2.570534437417886,2024-01-26 04:23:07.021101,2024-01-26 04:23:51.062453,0 days 00:00:44.041352,1267.5840239339154,0.5367355535424311,1093.030293978292,0.4543847941985994,5.607082729377546,5.429600335492995,0.09416748354084244,0.6343641930710227,COMPLETE
203,2.5500334351899943,2024-01-26 04:23:27.296717,2024-01-26 04:24:27.191913,0 days 00:00:59.895196,1284.2531860275128,0.5345540299844564,1094.6870998360116,0.4771294537713517,5.62502624513239,5.44666432696891,0.10328655174694858,0.5294110951406471,COMPLETE
204,3.215528772304618,2024-01-26 04:23:51.156143,2024-01-26 04:24:47.776000,0 days 00:00:56.619857,1284.7816161236367,0.5446138137986422,1084.775586731301,0.45757792817626014,5.63608091774301,5.464050830832541,0.12737726598889856,0.5282168994704693,COMPLETE
205,2.6154676349384562,2024-01-26 04:24:06.633952,2024-01-26 04:25:05.207933,0 days 00:00:58.573981,1284.9331233699436,0.5435990927824135,1082.6810247690535,0.4781008940939628,5.635259564137987,5.332332036139454,0.1295645150125437,0.4530088060385764,COMPLETE
206,2.6973063276523703,2024-01-26 04:24:27.195150,2024-01-26 04:25:25.101195,0 days 00:00:57.906045,1277.6516419163581,0.5427423654583147,1082.797323204553,0.4579589930767509,5.686016878261866,5.3448126649028,0.1203038983701473,0.5435509259352015,COMPLETE
207,4.6226482349720435,2024-01-26 04:24:48.981986,2024-01-26 04:25:47.005691,0 days 00:00:58.023705,1278.536027970744,0.40302577687610763,1082.1628884790966,0.4811150232191616,5.688362679788687,5.325546439384801,0.12281679398726497,0.565053510697323,COMPLETE
208,2.5198428442380063,2024-01-26 04:25:06.531433,2024-01-26 04:26:10.380893,0 days 00:01:03.849460,1276.0768705124697,0.5409636043875794,1087.8996781161475,0.47431596093053446,5.692358602566462,5.39943508611903,0.14894258328803062,0.5557486824206646,COMPLETE
209,2.697969427213192,2024-01-26 04:25:25.103054,2024-01-26 04:26:24.252892,0 days 00:00:59.149838,1274.6518747769442,0.5396829605785978,1099.0188605588135,0.4748740025013228,5.732214299311026,5.3880985248088535,0.1533727620149817,0.15286535014162284,COMPLETE
210,2.6333862465409417,2024-01-26 04:25:47.187590,2024-01-26 04:26:44.399439,0 days 00:00:57.211849,1272.9757211118192,0.5397577312463497,1099.0344721061178,0.4738096892543913,5.770563214969886,5.3888151096801105,0.1494293853522207,0.15729410674198813,COMPLETE
211,2.736295948872491,2024-01-26 04:26:10.406961,2024-01-26 04:27:09.103281,0 days 00:00:58.696320,1299.644014945763,0.5462212907972215,1099.9461760165984,0.4627344976792892,5.778948609041376,5.366479312959205,0.17635714066145203,0.5114042790270544,COMPLETE
212,3.3139748168902665,2024-01-26 04:26:24.255363,2024-01-26 04:27:23.488249,0 days 00:00:59.232886,1287.349617833532,0.4553234706647479,1078.1149340844754,0.46142832718668747,5.779473828856492,5.482952935250982,0.18302330701839636,0.5936452396748554,COMPLETE
213,2.5042328934961584,2024-01-26 04:26:44.402550,2024-01-26 04:27:44.489094,0 days 00:01:00.086544,1288.9111382447518,0.5462018261188846,1075.8888225614112,0.4697144758799352,5.6579326102849254,5.286746107435593,0.1755900025295513,0.5164165786592533,COMPLETE
214,2.883516195113475,2024-01-26 04:27:23.490192,2024-01-26 04:28:09.349391,0 days 00:00:45.859199,1293.7934026211087,0.5450439539973161,1049.1243963816255,0.46902566856689343,5.662358647889383,5.262933058303127,0.1653457958974049,0.5167809111101592,COMPLETE
215,2.8157683653082164,2024-01-26 04:27:23.499379,2024-01-26 04:28:23.655591,0 days 00:01:00.156212,1294.2919106344082,0.5461262115820491,1090.3028171269177,0.4683664401520444,5.664734673301341,5.294066287958562,0.1637507334693564,0.5264631132201955,COMPLETE
216,3.171469201610958,2024-01-26 04:27:44.494841,2024-01-26 04:28:42.353462,0 days 00:00:57.858621,1295.2439389185497,0.5459073811919971,1061.5400420973385,0.466752427570164,5.601107959421337,5.304925258101737,0.16238971665614899,0.530996472712213,COMPLETE
217,2.5999035736068583,2024-01-26 04:28:10.097806,2024-01-26 04:29:23.817471,0 days 00:01:13.719665,1294.3744759071797,0.536103780494442,1087.9688401343958,0.4645384027773522,5.632653186378136,5.295890414226208,0.2389229010821266,0.5372094806883242,COMPLETE
218,2.665842599544394,2024-01-26 04:28:23.666310,2024-01-26 04:29:23.810762,0 days 00:01:00.144452,1284.3027449945894,0.5325368235214958,1061.7631226366575,0.46430707075454825,5.603893102614961,5.318097402434912,0.1400488842015793,0.4597128137023185,COMPLETE
219,2.645088529768503,2024-01-26 04:28:42.355603,2024-01-26 04:29:42.954853,0 days 00:01:00.599250,1282.3718861537948,0.5350737762504947,1086.6168613116815,0.46467825683661884,5.718359187219697,5.616262551103593,0.1415477735607144,0.5553013161554584,COMPLETE
220,2.354851382969862,2024-01-26 04:29:23.818793,2024-01-26 04:30:09.169180,0 days 00:00:45.350387,1282.987406679966,0.5499335915656983,1070.480828079436,0.48215306371274885,5.717419063813024,5.605281476461306,0.23078390797861803,0.49456295842491427,COMPLETE
221,2.4396699474410584,2024-01-26 04:29:23.825585,2024-01-26 04:30:24.508315,0 days 00:01:00.682730,1281.7005159028317,0.5421364068499263,1047.5892520113712,0.4810535312039063,5.722473560431684,5.125880890465922,0.2026755537335153,0.4930737818474892,COMPLETE
222,2.635012396136754,2024-01-26 04:29:42.959456,2024-01-26 04:30:42.958530,0 days 00:00:59.999074,1289.0568348015743,0.5408119188997804,1070.8883814451092,0.45221232252213955,5.683188162674273,5.430945802101293,0.19947443936493212,0.5852552862262729,COMPLETE
223,2.651414638132828,2024-01-26 04:30:24.495570,2024-01-26 04:31:26.790332,0 days 00:01:02.294762,1288.0940113443105,0.5494891686412672,1072.9521434654541,0.48412775593704455,5.6865403457163834,5.604424935076577,0.2285707673663916,0.4914974634059795,COMPLETE
224,2.3557586313335244,2024-01-26 04:30:24.510887,2024-01-26 04:31:09.865411,0 days 00:00:45.354524,1287.414396216791,0.5423545720793392,1071.0927161933623,0.4840816311191702,5.727196871154846,5.552976247517949,0.2252981222153407,0.5006481237869519,COMPLETE
225,2.4367830358441487,2024-01-26 04:30:42.963081,2024-01-26 04:31:44.216134,0 days 00:01:01.253053,1279.8152549255678,0.5496175583489872,1076.0864516320503,0.4837184222309645,5.727844490112306,5.585203105157281,0.20488909611065576,0.4649383561482864,COMPLETE
226,2.523230291601122,2024-01-26 04:31:10.050383,2024-01-26 04:32:28.427073,0 days 00:01:18.376690,1273.621215426437,0.5493965191321892,1076.3532049451733,0.4860509923760089,5.73653991104961,5.555666759047876,0.23963380372097778,0.48551731358954947,COMPLETE
227,2.7408736712323134,2024-01-26 04:31:29.031155,2024-01-26 04:32:28.432212,0 days 00:00:59.401057,1272.760877195873,0.5298967726777223,1058.000240046368,0.4826991781900396,5.723133654663098,5.524277979157206,0.22135439517635058,0.46231119418291494,COMPLETE
228,2.77540252755748,2024-01-26 04:31:44.219266,2024-01-26 04:32:43.561640,0 days 00:00:59.342374,1274.4518898432286,0.5422812561953075,1075.0121871614513,0.4798154793219537,5.7480756251275995,5.56695632367032,0.22119803609011066,0.47092813329190303,COMPLETE
229,2.6208482973790064,2024-01-26 04:32:43.562898,2024-01-26 04:33:13.797505,0 days 00:00:30.234607,1280.1802905477766,0.5417534805064788,1079.7993151268256,0.47263304777812265,5.789679758914713,5.4788786259286635,0.20755193999096533,0.4483043501173712,COMPLETE
230,2.4373879379868852,2024-01-26 04:32:43.568615,2024-01-26 04:33:43.223778,0 days 00:00:59.655163,1279.792374554359,0.5417271775972907,1069.0590792498092,0.4799283155002467,5.796441820183324,5.4814737484664064,0.20561104628550875,0.4964235857921352,COMPLETE
231,2.5886982909336003,2024-01-26 04:32:43.574121,2024-01-26 04:33:28.123352,0 days 00:00:44.549231,1281.3412844356315,0.5420376882823008,1080.7760099073028,0.47980373643721547,5.787965241410816,5.038167455477907,0.2053717511664011,0.49815971574945156,COMPLETE
232,2.5292413750423415,2024-01-26 04:33:27.921897,2024-01-26 04:34:13.803005,0 days 00:00:45.881108,1263.2067213879388,0.537556375756564,1068.4536621851128,0.48098428871769155,5.719425717836897,5.686079899640842,0.20430566263416267,0.5015967773510962,COMPLETE
233,2.514268462572457,2024-01-26 04:33:28.207893,2024-01-26 04:34:29.876184,0 days 00:01:01.668291,1283.6600077949004,0.5497977097918318,1067.1207171770682,0.485873885336359,5.709682451930331,5.627300930697634,0.22799520116570687,0.47918573408796594,COMPLETE
234,2.728175294190038,2024-01-26 04:33:43.229578,2024-01-26 04:34:43.048785,0 days 00:00:59.819207,1280.546417523637,0.5380006908334704,943.9244697739144,0.47695074526533304,5.721850330870627,5.094660268671551,0.18887704722611323,0.4833992912284602,COMPLETE
235,2.4834506761803317,2024-01-26 04:34:14.450461,2024-01-26 04:35:13.681346,0 days 00:00:59.230885,1280.9685111331457,0.5477432298218265,1070.7091423115949,0.47592277471753947,5.743241165042136,5.637864258532362,0.19122937760407738,0.47163802669746707,COMPLETE
236,3.171494645120058,2024-01-26 04:34:43.053058,2024-01-26 04:35:44.808956,0 days 00:01:01.755898,1052.2609921253386,0.544363844852205,1071.8288453929893,0.49071924787927085,5.752323359193311,5.470866171470796,0.2146966865540641,0.5063401488286742,COMPLETE
237,2.769657715064189,2024-01-26 04:34:43.058686,2024-01-26 04:35:29.340248,0 days 00:00:46.281562,1181.5167565677411,0.5459570129641701,1070.5316022273735,0.47589570249218643,5.743575712935383,5.482439675118391,0.21442703483054115,0.503770821515954,COMPLETE
238,2.8582178800938145,2024-01-26 04:35:14.143115,2024-01-26 04:36:43.717081,0 days 00:01:29.573966,1270.9700120602186,0.5439967206362847,1054.9269696183214,0.4886867687700178,6.534638208824311,5.483266336817947,0.20094333247986254,0.051857710075616736,COMPLETE
239,3.23851064522125,2024-01-26 04:35:44.797173,2024-01-26 04:36:43.711262,0 days 00:00:58.914089,1068.9657629378703,0.5412729994399575,1053.6276344112784,0.4889775444155014,5.677841554035896,5.555150501739188,0.2154609614433864,0.4226755924436063,COMPLETE
240,2.620049268169353,2024-01-26 04:35:44.811957,2024-01-26 04:36:43.717631,0 days 00:00:58.905674,1269.7421855416176,0.5397022973253901,1052.5207605960297,0.48198864258880225,5.689462906785087,5.5490652665608815,0.2040377186604183,0.4394772563275556,COMPLETE
241,2.6470496930495457,2024-01-26 04:36:43.720191,2024-01-26 04:37:27.434978,0 days 00:00:43.714787,1280.4064805102175,0.5491541784257047,1065.033709656146,0.47828518202652304,5.645947792451938,5.645346979820887,0.1910154433074987,0.46938743854802695,COMPLETE
242,2.6762192933587445,2024-01-26 04:36:43.724473,2024-01-26 04:37:13.561257,0 days 00:00:29.836784,1278.539498143798,0.5471758104008905,1064.0520022041844,0.4775477172875713,5.832603500979665,5.657077653088604,0.3876769165399251,0.466463553766883,COMPLETE
243,2.5197451287772763,2024-01-26 04:36:43.731504,2024-01-26 04:37:43.108176,0 days 00:00:59.376672,1278.0201433507293,0.549695150839345,1062.6975046165007,0.4789137523498818,5.811176326031809,5.6595485105929715,0.3872382818820638,0.46999090432113233,COMPLETE
244,2.593239902331616,2024-01-26 04:37:27.448721,2024-01-26 04:38:26.985177,0 days 00:00:59.536456,1287.951365748074,0.5464714053399884,1078.822686386992,0.4730384631791553,5.688836040414712,5.717646034618279,0.18957662948206472,0.48485497464580635,COMPLETE
245,3.7899332639181362,2024-01-26 04:37:27.481768,2024-01-26 04:38:09.650639,0 days 00:00:42.168871,1287.4503451244384,0.5473203218915953,1078.730670671511,0.47217521169178334,5.68360594113543,5.7110978056079,0.24844194957101856,0.4510255114507354,COMPLETE
246,3.370593571342663,2024-01-26 04:37:43.111410,2024-01-26 04:38:41.206209,0 days 00:00:58.094799,1289.0490704743793,0.4251410796140903,1079.906809053308,0.47379264884136607,5.687960767653625,5.715434919522555,0.19362209270072278,0.4909584735043642,COMPLETE
247,2.4733562241485942,2024-01-26 04:38:09.820888,2024-01-26 04:39:02.154300,0 days 00:00:52.333412,1289.39013372531,0.5372968609010107,1083.803869978787,0.47249607079539546,5.602888264139722,5.612526732607254,0.1828603637944961,0.4901818899371579,COMPLETE
248,2.890613357354938,2024-01-26 04:38:41.194365,2024-01-26 04:39:25.289083,0 days 00:00:44.094718,1299.9378152909535,0.5359773627094372,1084.984798888833,0.48295812290198825,5.764469999965167,5.416635437237255,0.19610285991939325,0.5533663171087175,COMPLETE
249,2.51792245715415,2024-01-26 04:38:41.216817,2024-01-26 04:39:40.462799,0 days 00:00:59.245982,1299.0439011417068,0.5352505867297054,1086.5353731668813,0.45864907598866445,5.600310963967651,5.608148632501382,0.10386581164876543,0.5460126552959421,COMPLETE
