,FSN_E_l,GPeTI_E_l,GPeTA_E_l,D1_V_peak,D1_ada_b,SNR_E_l,FSN->FSN_weight,GPeTA->FSN_weight,GPeTI->FSN_weight,GPeTA->GPeTA_weight,GPeTA->GPeTI_weight,GPeTI->GPeTI_weight,GPeTI->GPeTA_weight,D2->GPeTI_weight,STN->GPeTA_weight,STN->GPeTI_weight,FSN->D2_connectivity,D1->D1_connectivity,D1->D2_connectivity,D2->D1_connectivity,D2->D2_connectivity,D1->D1_weight,D1->D2_weight,D2->D1_weight,D2->D2_weight,GPeTA->D1_weight,D1->SNR_weight,GPeTI->STN_weight,D1_fmax,D1_fmean,D1_norm_beta_power,D1_norm_low_gamma_power,D1_norm_high_gamma_power,D1_beta_power,D1_low_gamma_power,D1_high_gamma_power,D1_entropy,D1_mean_fr,D2_fmax,D2_fmean,D2_norm_beta_power,D2_norm_low_gamma_power,D2_norm_high_gamma_power,D2_beta_power,D2_low_gamma_power,D2_high_gamma_power,D2_entropy,D2_mean_fr,FSN_fmax,FSN_fmean,FSN_norm_beta_power,FSN_norm_low_gamma_power,FSN_norm_high_gamma_power,FSN_beta_power,FSN_low_gamma_power,FSN_high_gamma_power,FSN_entropy,FSN_mean_fr,GPeTI_fmax,GPeTI_fmean,GPeTI_norm_beta_power,GPeTI_norm_low_gamma_power,GPeTI_norm_high_gamma_power,GPeTI_beta_power,GPeTI_low_gamma_power,GPeTI_high_gamma_power,GPeTI_entropy,GPeTI_mean_fr,GPeTA_fmax,GPeTA_fmean,GPeTA_norm_beta_power,GPeTA_norm_low_gamma_power,GPeTA_norm_high_gamma_power,GPeTA_beta_power,GPeTA_low_gamma_power,GPeTA_high_gamma_power,GPeTA_entropy,GPeTA_mean_fr,STN_fmax,STN_fmean,STN_norm_beta_power,STN_norm_low_gamma_power,STN_norm_high_gamma_power,STN_beta_power,STN_low_gamma_power,STN_high_gamma_power,STN_entropy,STN_mean_fr,SNR_fmax,SNR_fmean,SNR_norm_beta_power,SNR_norm_low_gamma_power,SNR_norm_high_gamma_power,SNR_beta_power,SNR_low_gamma_power,SNR_high_gamma_power,SNR_entropy,SNR_mean_fr
0,0.0,0.0,0.0,0.0,0.0,0.0,0.0,0.0,0.0,0.0,0.0,0.0,0.0,0.0,0.0,0.0,0.0,0.0,0.0,0.0,0.0,0.0,0.0,0.0,0.0,0.0,0.0,0.0,14.5,15.694257550694275,0.9062865468345999,0.014444367490189708,0.007649568354595949,1714.8050477379202,27.330510830234463,14.47391939480194,1.682471676921776,5.943066666666666,14.5,15.753996907635747,0.8798541090529088,0.010697929569665926,0.008197761614804934,239.11168250911075,2.9073000994679274,2.227847267355024,1.9645887837611684,2.1074333333333337,14.5,16.374959796399697,0.7788558631808138,0.02957363925391065,0.014116794339029914,33.062397996345524,1.255399718273864,0.5992573143937551,2.6065454269616986,12.592380952380951,14.5,15.744340043007313,0.753297980826036,0.019199406136468585,0.02358046232990756,527.5028715410081,13.444536062294443,16.51240532684153,2.7942080833334075,41.43076923076922,14.5,18.562293064721068,0.5637599776702369,0.12211368310015366,0.11022706795872009,16.60837000026689,3.5974693333214987,3.2472896289452864,3.263611104803553,9.003846153846155,14.5,15.793005363754803,0.7218452717425975,0.019469525979037942,0.023554277019052963,21.299618277385445,0.5744908052026733,0.6950202888972035,3.2385377440437764,17.55686274509804,14.5,16.36381619978426,0.857083808857245,0.014544413861317369,0.0355600896737426,33273.15214169806,564.6338085241315,1380.4907544157513,1.8547048381898537,184.9419098143236
1,0.0,0.0,0.0,0.0,0.0,0.0,0.0,0.0,0.0,0.0,0.0,0.0,0.0,0.0,0.0,0.0,0.0,0.0,0.0,0.0,0.0,0.0,0.0,0.0,0.0,0.0,0.0,0.0,14.5,16.034826944894405,0.965451213327729,0.01343850488493758,0.00683165963420298,2160.9493168157414,30.079125231026115,15.291161288579014,1.631625272119757,6.3445,14.5,16.137577510785366,0.9485473180442066,0.009000140895671296,0.0070491173938884415,301.0837345668754,2.856785297842662,2.2374999643964415,1.8378243576574371,2.2506666666666666,14.5,17.00660662594081,0.8652369757166352,0.03757245963580843,0.011632008860077009,41.983429253819395,1.8231082874208473,0.564413721052969,2.4997818185979157,12.533333333333335,14.5,16.15647341845679,0.7721412901396985,0.02760138317471931,0.024447816229684456,601.7418317508738,21.5101913115,19.05256707318093,2.9568636333745144,40.71179487179487,14.5,19.534388177698403,0.6560008601785815,0.15630563359723781,0.12126650087353513,22.937738077346772,5.465385643688268,4.240206687894083,3.1327299817887315,9.731538461538463,14.5,16.065717129540626,0.7811524554861425,0.02404185535254406,0.021867486918243306,25.163009485060904,0.7744524516639126,0.7044102298772879,3.1299430642449244,17.57843137254902,14.5,16.65200132362976,0.9459645556561731,0.008418772239359355,0.0382257188248251,37987.43786623857,338.075655626274,1535.0438978584089,1.7944266927303714,192.87480106100793
2,0.0,0.0,0.0,0.0,0.0,0.0,0.0,0.0,0.0,0.0,0.0,0.0,0.0,0.0,0.0,0.0,0.0,0.0,0.0,0.0,0.0,0.0,0.0,0.0,0.0,0.0,0.0,0.0,14.5,15.85754208300015,0.9517706664375174,0.013867547294827995,0.007834449429599656,2027.7171275188484,29.54436836307605,16.69104528356716,1.605814888315673,6.235433333333333,14.5,15.883886764359403,0.9291529480962833,0.00906026104077725,0.008453179815005374,276.6081328348125,2.6972328878901557,2.5165052642154078,1.8628192203128264,2.1995,14.5,16.81815690291854,0.8367399459117552,0.03528209979668796,0.013066506844862257,38.965595771144436,1.6430290502467646,0.6084856189135379,2.5706876239381495,12.555238095238094,14.5,15.904420106826793,0.774174894109919,0.024569567492859386,0.02204505604860227,587.2215802121431,18.63633186513189,16.721457576597,2.8579308928260763,40.969487179487174,14.5,19.163225188808408,0.6405402286125838,0.14805312025126469,0.11145545568977368,21.49919073359132,4.969277695297495,3.7409080540717587,3.105078480106434,9.671538461538463,14.5,15.792546793491855,0.7660540374833524,0.01580939141558654,0.02560978718845765,24.228264840470608,0.50000927276859,0.809969892657249,3.148882634375154,17.704411764705885,14.5,16.5492241419649,0.9308872432263128,0.008785539279237921,0.03618309358374124,37136.99928534732,350.49203682677245,1443.4954720228907,1.759325865431195,190.38355437665783
3,0.07142857142857142,0.07142857142857142,0.07142857142857142,0.07142857142857142,0.07142857142857142,0.07142857142857142,0.07142857142857142,0.07142857142857142,0.07142857142857142,0.07142857142857142,0.07142857142857142,0.07142857142857142,0.07142857142857142,0.07142857142857142,0.07142857142857142,0.07142857142857142,0.07142857142857142,0.07142857142857142,0.07142857142857142,0.07142857142857142,0.07142857142857142,0.07142857142857142,0.07142857142857142,0.07142857142857142,0.07142857142857142,0.07142857142857142,0.07142857142857142,0.07142857142857142,14.5,15.43146792058859,0.8845568205038865,0.020517867624132706,0.010665848195083849,1312.749307163717,30.450069327048645,15.828926422650522,1.629538923526271,5.586733333333333,14.5,15.491087732158816,0.8579456913290161,0.01564500440533065,0.010671900320119075,195.6210089266538,3.5672322588295953,2.433310090470254,1.9368321035930123,2.0448333333333335,14.5,16.18586162249637,0.7299568348874391,0.039020494129780904,0.01477293524904276,32.23926366124271,1.7233786140737555,0.6524612576821716,2.618813222590255,12.953333333333333,14.5,15.650588908141719,0.6921883366454936,0.018421470081452878,0.019522105161860707,492.0345653517764,13.094702041058191,13.877076540495533,2.9899183815488937,42.42333333333333,14.5,17.891483980233737,0.5348504635206456,0.13443028716344846,0.08516597749557461,13.567069607409756,3.409971922404788,2.160328584666081,3.096057448731604,8.847692307692308,14.5,15.616581652038935,0.6971978181140855,0.021354868266370272,0.025187871346697234,19.92956629043221,0.610434014107072,0.7200013234073817,3.1928144759829706,17.394117647058824,14.5,16.331318138509744,0.8066838838085418,0.0263121732294696,0.027927542678865082,29278.476382020763,954.9965704304395,1013.6261739488218,1.8614438612570179,178.5
4,0.07142857142857142,0.07142857142857142,0.07142857142857142,0.07142857142857142,0.07142857142857142,0.07142857142857142,0.07142857142857142,0.07142857142857142,0.07142857142857142,0.07142857142857142,0.07142857142857142,0.07142857142857142,0.07142857142857142,0.07142857142857142,0.07142857142857142,0.07142857142857142,0.07142857142857142,0.07142857142857142,0.07142857142857142,0.07142857142857142,0.07142857142857142,0.07142857142857142,0.07142857142857142,0.07142857142857142,0.07142857142857142,0.07142857142857142,0.07142857142857142,0.07142857142857142,14.5,15.605635057466476,0.9296319902703982,0.016645246140250845,0.009110222852955692,1529.8743354282299,27.39270500948298,14.992487649564124,1.6248439446004228,5.682233333333333,14.5,15.622646820308931,0.907433065646434,0.01065642368834984,0.010306890695070146,218.4576909721024,2.5654539173298962,2.48130647602407,1.8642969976191908,2.058433333333334,14.5,16.713255190175314,0.8122557292301676,0.03622258428186785,0.014057019730213928,39.56387387727811,1.7643529056977563,0.684698347678873,2.5403059250126567,13.029047619047619,14.5,15.940739520695917,0.7496366706673177,0.01649456077951119,0.01706177110197161,551.705137073962,12.139392684370932,12.556838709822467,2.923459738507307,42.375128205128206,14.5,18.81076164199223,0.6094968122913875,0.13707748946933895,0.10556406966114702,17.890619697970763,4.023648990105126,3.0986324882939207,3.222705499565644,9.054615384615385,14.5,15.91263341067897,0.7390805248887733,0.021862371163436187,0.01971771782429889,22.94499024418016,0.6787242745101167,0.6121428286641999,3.2100250773566845,17.378431372549016,14.5,16.785104859300755,0.8886137918123762,0.017708823492060946,0.030866375580651615,33855.6340950148,674.6951869581228,1175.9897574473891,1.8617082365826478,179.95092838196285
5,0.07142857142857142,0.07142857142857142,0.07142857142857142,0.07142857142857142,0.07142857142857142,0.07142857142857142,0.07142857142857142,0.07142857142857142,0.07142857142857142,0.07142857142857142,0.07142857142857142,0.07142857142857142,0.07142857142857142,0.07142857142857142,0.07142857142857142,0.07142857142857142,0.07142857142857142,0.07142857142857142,0.07142857142857142,0.07142857142857142,0.07142857142857142,0.07142857142857142,0.07142857142857142,0.07142857142857142,0.07142857142857142,0.07142857142857142,0.07142857142857142,0.07142857142857142,15.0,15.444236627693629,0.8648442281242189,0.02675381469536474,0.0093040243054913,1212.9294933544227,37.52177542322217,13.048737703312622,1.643907274871006,5.4559,15.0,15.39595104749253,0.8458410318187628,0.018834778918787706,0.01019560653285963,173.87991104229388,3.8718737442401654,2.095915296452207,1.9017667188037224,1.9964333333333335,15.0,16.026677563233473,0.7167623702564585,0.04973092500790315,0.014086966057762475,29.908571873298346,2.075138158260589,0.5878113225510905,2.5480878239655538,13.067619047619047,15.0,15.568429338476305,0.693555414594413,0.023834805370489966,0.017359423545936132,446.83385244168454,15.355943709446716,11.18407835332617,2.8620628904942103,42.59461538461539,15.0,17.658268161466225,0.4932066985015949,0.1587770558716399,0.0891941965941308,12.919283561739983,4.159079376123508,2.336393891976778,3.1922719719430925,8.88923076923077,15.0,15.557657277168492,0.6719862972363605,0.02890972527836172,0.021642589179603933,17.88228323758387,0.76931910349143,0.5759327404383332,3.2298485588227264,17.365686274509805,15.0,16.23114041599341,0.7814746715179238,0.0373321221074422,0.02562934708993885,26953.579432615163,1287.6096376310427,883.9731699210764,1.854260037602168,174.48992042440318
6,0.14285714285714285,0.14285714285714285,0.14285714285714285,0.14285714285714285,0.14285714285714285,0.14285714285714285,0.14285714285714285,0.14285714285714285,0.14285714285714285,0.14285714285714285,0.14285714285714285,0.14285714285714285,0.14285714285714285,0.14285714285714285,0.14285714285714285,0.14285714285714285,0.14285714285714285,0.14285714285714285,0.14285714285714285,0.14285714285714285,0.14285714285714285,0.14285714285714285,0.14285714285714285,0.14285714285714285,0.14285714285714285,0.14285714285714285,0.14285714285714285,0.14285714285714285,15.0,15.181407817927438,0.8513333523007935,0.051810914089772786,0.011892617213668653,842.9223765284432,51.299034293245754,11.775120918024099,1.6329157586345044,4.9691,15.0,15.194437966572893,0.8204681821219123,0.041337351735547964,0.01321645987768792,130.54629314592236,6.577266681553164,2.1028967157285807,1.9587076926272962,1.8883,15.0,15.455680952355646,0.687710881742398,0.08188915634433092,0.013011373912893663,25.683528081265724,3.058265475154423,0.48592802024736415,2.5485297167087775,13.318095238095237,15.0,15.277964706093414,0.6438693483900482,0.04459462495799005,0.017641157662892967,382.0438554087762,26.460496204795394,10.46748987858773,2.906721024162448,44.076153846153844,15.0,16.19886924316878,0.47579328045663044,0.18868514182642362,0.07379260148074591,8.283210094996306,3.2848691558915473,1.2846747666018576,3.1913500668254287,8.316923076923079,15.0,15.334504270961816,0.6411387121160803,0.051899802226145354,0.020768925764625138,15.200448478081745,1.2304673775779142,0.49240044324937116,3.1657377646514,17.12794117647059,15.0,15.650535235829173,0.7240047553941865,0.10270754410983127,0.02468441511041546,20625.829811164767,2925.9867554028615,703.2226532522875,1.896835631337961,164.34270557029177
7,0.14285714285714285,0.14285714285714285,0.14285714285714285,0.14285714285714285,0.14285714285714285,0.14285714285714285,0.14285714285714285,0.14285714285714285,0.14285714285714285,0.14285714285714285,0.14285714285714285,0.14285714285714285,0.14285714285714285,0.14285714285714285,0.14285714285714285,0.14285714285714285,0.14285714285714285,0.14285714285714285,0.14285714285714285,0.14285714285714285,0.14285714285714285,0.14285714285714285,0.14285714285714285,0.14285714285714285,0.14285714285714285,0.14285714285714285,0.14285714285714285,0.14285714285714285,15.0,15.154252993672907,0.8467577242854304,0.06184827952738048,0.013281178798512079,821.5331318467055,60.00584266572557,12.885537503853664,1.6211696604027694,4.947433333333334,15.0,15.154021742484353,0.8244988003626068,0.04771549917075966,0.012888409351498752,129.2805780437401,7.481742013121764,2.020889551680749,1.8818073633211072,1.893,15.0,15.338001506621943,0.6800203718505922,0.09917694381392234,0.017774763406704676,25.81187818699789,3.764509562731372,0.6746857106765797,2.489775481337747,13.334761904761905,15.0,15.219875641681574,0.6612160119653712,0.04580997228900881,0.018157668225499135,380.69451357308793,26.37504960825749,10.454260858235124,2.8432070142012726,44.12358974358975,15.0,15.89560295844041,0.46590008092353197,0.22217556892878274,0.08030078102490883,8.41733162259688,4.014005403059028,1.4507795364627352,3.005766829749823,8.463846153846154,15.0,15.290421893211109,0.629858169284253,0.052774644940297995,0.027796456557444203,14.854366447814444,1.2446197466761695,0.6555424249307323,3.2854734835156947,17.08186274509804,15.0,15.492649185715111,0.7287158611230153,0.11847300200143226,0.020670412811461182,20442.844355175774,3323.5521132658037,579.8721482619122,1.8401476033902089,164.06366047745357
8,0.14285714285714285,0.14285714285714285,0.14285714285714285,0.14285714285714285,0.14285714285714285,0.14285714285714285,0.14285714285714285,0.14285714285714285,0.14285714285714285,0.14285714285714285,0.14285714285714285,0.14285714285714285,0.14285714285714285,0.14285714285714285,0.14285714285714285,0.14285714285714285,0.14285714285714285,0.14285714285714285,0.14285714285714285,0.14285714285714285,0.14285714285714285,0.14285714285714285,0.14285714285714285,0.14285714285714285,0.14285714285714285,0.14285714285714285,0.14285714285714285,0.14285714285714285,15.0,15.202910962335187,0.8479043538188228,0.056248334539239386,0.012217334156930862,794.416342456023,52.700043339385175,11.446632950756053,1.6905396419291698,4.8139666666666665,15.0,15.172619811516043,0.8272102041352273,0.041209151697915176,0.014312492815440012,117.14387345430167,5.835759311874424,2.0268377237201283,1.9427057201238807,1.7944,15.0,15.445699900391151,0.6898723064110548,0.08390278405956472,0.016219972199902448,25.289851621386916,3.075770602427036,0.5946037932332058,2.5620080486894645,13.525238095238095,15.0,15.288388395124283,0.639367925064658,0.04196278572522144,0.018689619605952508,362.2553489377735,23.775424117113538,10.589231030292767,2.9766070880264763,44.49923076923076,15.0,16.227132670182943,0.45965053037777664,0.19765773284630844,0.0814964985051442,7.450627360587303,3.2038995172397664,1.3210036787196684,3.359913419654233,7.688461538461539,15.0,15.404580276293899,0.6275784072965541,0.0498295869208467,0.026402550192538825,14.82414856789356,1.177034121956881,0.6236596448744826,3.3599962746254977,16.993137254901956,15.0,15.71994708779399,0.7073655482564672,0.12458971978712258,0.020056986364483817,19379.114386235902,3413.2824775745676,549.4848228876151,1.9646914289486916,155.88832891246685
9,0.21428571428571427,0.21428571428571427,0.21428571428571427,0.21428571428571427,0.21428571428571427,0.21428571428571427,0.21428571428571427,0.21428571428571427,0.21428571428571427,0.21428571428571427,0.21428571428571427,0.21428571428571427,0.21428571428571427,0.21428571428571427,0.21428571428571427,0.21428571428571427,0.21428571428571427,0.21428571428571427,0.21428571428571427,0.21428571428571427,0.21428571428571427,0.21428571428571427,0.21428571428571427,0.21428571428571427,0.21428571428571427,0.21428571428571427,0.21428571428571427,0.21428571428571427,15.0,15.254625656970516,0.83036338041071,0.10124875393161721,0.013875495320892892,666.9723929778228,81.32598966779108,11.145207672032775,1.7326367370848832,4.3959,15.0,15.249267563577506,0.8155934823732661,0.08339732172310309,0.013376644205862518,117.4126367551634,12.005857885640657,1.9256984037878802,1.976001488607555,1.7993333333333332,15.0,15.313929602035815,0.6669761347099276,0.15217632335917763,0.013921405532157868,26.60811986714866,6.070870668624396,0.5553758340692988,2.662695203464566,13.64333333333333,15.0,15.297817599345834,0.639673595533784,0.0919181964699754,0.01760015396981341,379.50105697638867,54.53258186561602,10.441695704068827,2.9635257248691946,45.69641025641025,15.0,15.588626749557653,0.44893634254606063,0.3013960540482677,0.061841928090472204,6.726458173754388,4.515847257525796,0.9265838010033879,3.368825897828093,7.770769230769231,15.0,15.421909879003165,0.6177848648120468,0.10037205561490639,0.024615906132284874,15.313531941148236,2.488003133785423,0.6101743281323919,3.3781109453445928,16.774019607843137,15.0,15.376066880318383,0.6545810520127031,0.25698395993159967,0.020422193517769718,18609.71786132919,7306.045560758739,580.6022925756563,2.0358518196307553,153.23607427055703
10,0.21428571428571427,0.21428571428571427,0.21428571428571427,0.21428571428571427,0.21428571428571427,0.21428571428571427,0.21428571428571427,0.21428571428571427,0.21428571428571427,0.21428571428571427,0.21428571428571427,0.21428571428571427,0.21428571428571427,0.21428571428571427,0.21428571428571427,0.21428571428571427,0.21428571428571427,0.21428571428571427,0.21428571428571427,0.21428571428571427,0.21428571428571427,0.21428571428571427,0.21428571428571427,0.21428571428571427,0.21428571428571427,0.21428571428571427,0.21428571428571427,0.21428571428571427,15.0,15.201740181969463,0.8414042561898989,0.08532097361693096,0.016391204621408532,601.0167058478152,60.94493832867279,11.70826951963154,1.6825579027005169,4.300766666666667,15.0,15.198914382140142,0.8189535887648679,0.07193255305446485,0.019299195756185935,100.85444839437542,8.858521483309746,2.3767033555353807,1.9556111050991998,1.7179666666666669,15.0,15.260194397292503,0.6692156591523322,0.13969751246259104,0.015628595256782927,24.612533426326248,5.137820145176093,0.5747912767781401,2.5893674905768522,13.806666666666668,15.0,15.242096875407881,0.6444733457570473,0.07616789472450686,0.017901942583529944,354.1655259924521,41.857499113721424,9.837879181698073,2.9284787769057834,46.11692307692307,15.0,15.47910775234804,0.46605994417677327,0.26620332275641145,0.06066616741042577,5.775482398183126,3.298830170082952,0.7517839420056437,3.2538393126457223,7.266923076923078,15.0,15.39217656904459,0.6191648424064253,0.08642993198271172,0.023750335783664617,14.528407616286268,2.0280371172439526,0.557290297600994,3.344469552804522,16.654411764705884,15.0,15.322075278504402,0.6450529807170633,0.24494964515663614,0.0193907248822144,16480.96983403399,6258.4126162725,495.42899792288983,2.032543177851719,143.8137931034483
11,0.21428571428571427,0.21428571428571427,0.21428571428571427,0.21428571428571427,0.21428571428571427,0.21428571428571427,0.21428571428571427,0.21428571428571427,0.21428571428571427,0.21428571428571427,0.21428571428571427,0.21428571428571427,0.21428571428571427,0.21428571428571427,0.21428571428571427,0.21428571428571427,0.21428571428571427,0.21428571428571427,0.21428571428571427,0.21428571428571427,0.21428571428571427,0.21428571428571427,0.21428571428571427,0.21428571428571427,0.21428571428571427,0.21428571428571427,0.21428571428571427,0.21428571428571427,15.0,15.168760859022631,0.8500445738925978,0.06750523717150252,0.013280659630703377,593.2353198347323,47.11104828370516,9.26840380564794,1.6972410139895708,4.228766666666667,15.0,15.158037104908466,0.8244390686600769,0.05688596542699515,0.013164509939899038,101.39181925977508,6.995994906410489,1.6190081998892922,1.971780409988071,1.7120333333333333,15.0,15.301807762318283,0.6828035388811161,0.11160820838232863,0.015537005849081355,24.95076695094356,4.078347926730176,0.5677478073577646,2.6236152549395904,13.888095238095236,15.0,15.225591867597549,0.6150562673660058,0.06014839822565895,0.0171072843691886,354.6717274331816,34.68452795773014,9.864902482653957,3.1036579630645624,46.23230769230769,15.0,15.737750512228855,0.47080890610867454,0.2351499012106886,0.062383555322823706,5.995948831300084,2.994732591186598,0.7944807347036233,3.375116597900727,7.27923076923077,15.0,15.354086294034966,0.6143289872861634,0.06790996981381522,0.02479580985333801,13.001327468721508,1.437209987177648,0.5247651509649996,3.424107580954001,16.63186274509804,15.0,15.429792025601174,0.6624912302300462,0.19612459735769674,0.026626404127688658,16206.522156239715,4797.795785700274,651.3616916657683,2.1345784346529224,145.34217506631302
12,0.2857142857142857,0.2857142857142857,0.2857142857142857,0.2857142857142857,0.2857142857142857,0.2857142857142857,0.2857142857142857,0.2857142857142857,0.2857142857142857,0.2857142857142857,0.2857142857142857,0.2857142857142857,0.2857142857142857,0.2857142857142857,0.2857142857142857,0.2857142857142857,0.2857142857142857,0.2857142857142857,0.2857142857142857,0.2857142857142857,0.2857142857142857,0.2857142857142857,0.2857142857142857,0.2857142857142857,0.2857142857142857,0.2857142857142857,0.2857142857142857,0.2857142857142857,15.0,15.332424347290733,0.8409967142786058,0.09417534233710763,0.014332810492571074,498.3553014372714,55.80614088204343,8.493293698056307,1.8047587224425459,3.848766666666667,15.0,15.320367890841757,0.8235420911765432,0.07337563681098942,0.015853881451138183,99.3436961358678,8.851286467596099,1.9124501325801844,2.0635428434370477,1.6900666666666664,15.0,15.377588840189922,0.6779121261608804,0.1626879064583846,0.013747238453134844,26.473206191006607,6.353139774688018,0.5368446205377446,2.688188134865711,13.883333333333331,15.0,15.339355522440943,0.6540546333797094,0.07989299698678252,0.01746568135931358,376.8057872758185,46.02695568697595,10.06211022601848,3.010076901052712,47.537179487179486,15.0,15.563435415207962,0.4867904296273079,0.2865736301042374,0.040019151591837776,5.505176836754846,3.240898782012737,0.45258183596304435,3.4672005908456702,7.113076923076924,15.0,15.43525605069803,0.6137705570612302,0.08493663166926077,0.02960419682264265,13.089200740267797,1.811348897940427,0.6313357174076875,3.5792150938472105,16.304901960784314,15.0,15.394228361582543,0.6151356950871812,0.30603697084255177,0.02624938714060818,15153.232550571085,7538.904708809458,646.6265424496821,2.20874513860308,133.2366047745358
13,0.2857142857142857,0.2857142857142857,0.2857142857142857,0.2857142857142857,0.2857142857142857,0.2857142857142857,0.2857142857142857,0.2857142857142857,0.2857142857142857,0.2857142857142857,0.2857142857142857,0.2857142857142857,0.2857142857142857,0.2857142857142857,0.2857142857142857,0.2857142857142857,0.2857142857142857,0.2857142857142857,0.2857142857142857,0.2857142857142857,0.2857142857142857,0.2857142857142857,0.2857142857142857,0.2857142857142857,0.2857142857142857,0.2857142857142857,0.2857142857142857,0.2857142857142857,15.5,15.40844148350979,0.8605561734325472,0.08722575939943335,0.012073313015371274,469.16241807868954,47.554185841647204,6.582190568593357,1.7577270346106801,3.6213,15.5,15.404978438254318,0.8352051963178612,0.06620890291431838,0.012551999502033121,94.7329990665227,7.509732896334332,1.423708284325084,2.107107957255635,1.6235333333333333,15.5,15.44294885551837,0.702454365082095,0.133375060249484,0.014927929426757974,25.346639764806618,4.812568294536773,0.5386440293103888,2.774664135563458,14.087142857142858,15.5,15.421076425911956,0.6520870413526585,0.07538560649318278,0.01738683245643432,376.04191280170573,43.4729504892615,10.026541427533745,3.1584763265215514,47.7425641025641,15.5,15.663270074734413,0.5298800394780698,0.25708266969516036,0.03401983395193106,4.986629748873818,2.4193704104886278,0.3201560794846057,3.471062249612861,6.626923076923078,15.5,15.48042258983168,0.6239946011915953,0.08215051443849149,0.029429446179877153,13.466175524573478,1.772857080414167,0.6351049946464697,3.6030977345098756,16.356862745098038,15.5,15.544438683628835,0.6340826043137038,0.2950135654999826,0.029719822819992258,14446.638332034598,6721.449626322982,677.1223948609712,2.356039616318591,126.42122015915119
14,0.2857142857142857,0.2857142857142857,0.2857142857142857,0.2857142857142857,0.2857142857142857,0.2857142857142857,0.2857142857142857,0.2857142857142857,0.2857142857142857,0.2857142857142857,0.2857142857142857,0.2857142857142857,0.2857142857142857,0.2857142857142857,0.2857142857142857,0.2857142857142857,0.2857142857142857,0.2857142857142857,0.2857142857142857,0.2857142857142857,0.2857142857142857,0.2857142857142857,0.2857142857142857,0.2857142857142857,0.2857142857142857,0.2857142857142857,0.2857142857142857,0.2857142857142857,15.5,15.409812962062528,0.8703199675327357,0.07841863436075942,0.011581340389836943,474.065625317796,42.71484088798953,6.308387235433373,1.7229631896929956,3.5984666666666674,15.5,15.412108988468281,0.8357732652798667,0.06399059662504543,0.014576649686958914,94.14825023001885,7.208417586084881,1.6420315404364887,2.111935839398598,1.5731000000000002,15.5,15.440951389750966,0.7046882530670683,0.13345502623407166,0.01348002149156145,24.628335371035963,4.664154863853396,0.47111682174067804,2.775879913640246,14.047142857142855,15.5,15.449404904310837,0.6573172685251314,0.07471352566244832,0.01576013546069518,376.38926205232224,42.78203256779491,9.024478801851068,3.1726229330303815,48.119743589743585,15.5,15.585996259722686,0.5176265809667582,0.24956145153325404,0.040979370406717834,4.403170137104591,2.1228846646773487,0.34858940140826217,3.5763563136601912,5.92,15.5,15.554273915068364,0.6296188178945589,0.08418002367901581,0.029992421839772052,13.26706623071067,1.7738064964242022,0.63198785623702,3.6521672825784472,16.258823529411764,15.5,15.541046159753272,0.6371873747108149,0.2911225713148026,0.035167264243213966,13919.995043951229,6359.863535782656,768.264035672446,2.3501298387799254,120.7708222811671
15,0.3571428571428571,0.3571428571428571,0.3571428571428571,0.3571428571428571,0.3571428571428571,0.3571428571428571,0.3571428571428571,0.3571428571428571,0.3571428571428571,0.3571428571428571,0.3571428571428571,0.3571428571428571,0.3571428571428571,0.3571428571428571,0.3571428571428571,0.3571428571428571,0.3571428571428571,0.3571428571428571,0.3571428571428571,0.3571428571428571,0.3571428571428571,0.3571428571428571,0.3571428571428571,0.3571428571428571,0.3571428571428571,0.3571428571428571,0.3571428571428571,0.3571428571428571,15.5,15.470703194308825,0.8877838502563732,0.06072126813791877,0.010992455496509321,409.0534989004151,27.977809218215903,5.064861656422048,1.727282894870364,3.3269666666666673,15.5,15.471442110896708,0.8545262029814394,0.050391371151722555,0.014407774965688713,95.03211461635021,5.604039457488182,1.6022929631985205,2.0768998550719617,1.5860333333333334,15.5,15.495828371162661,0.7348414583720254,0.11211603245074174,0.016146038305033767,27.602387986515293,4.211344082395778,0.6064834920011447,2.730093725121627,14.093333333333334,15.5,15.493500202359735,0.681491266788753,0.05927170797564762,0.01384757053186677,403.5525800497443,35.09839647723913,8.199991823648515,3.120582283999469,49.45333333333333,15.5,15.584515170999616,0.5600009698717063,0.22032126452062045,0.032553498343425365,4.3654074526504525,1.7174829006743155,0.25376613956720434,3.50754446447673,6.004615384615384,15.5,15.610346287173185,0.6444857262647031,0.06878929199084109,0.02903455344577947,13.402734772194565,1.4305431418377474,0.6038030063416199,3.66828734576053,16.062745098039215,15.5,15.553047621648082,0.6505811098737618,0.2770942849682509,0.03665773928461357,13206.964301788783,5625.085441714528,744.1615607469963,2.36443129591082,113.67135278514588
16,0.3571428571428571,0.3571428571428571,0.3571428571428571,0.3571428571428571,0.3571428571428571,0.3571428571428571,0.3571428571428571,0.3571428571428571,0.3571428571428571,0.3571428571428571,0.3571428571428571,0.3571428571428571,0.3571428571428571,0.3571428571428571,0.3571428571428571,0.3571428571428571,0.3571428571428571,0.3571428571428571,0.3571428571428571,0.3571428571428571,0.3571428571428571,0.3571428571428571,0.3571428571428571,0.3571428571428571,0.3571428571428571,0.3571428571428571,0.3571428571428571,0.3571428571428571,15.5,15.523380208912572,0.8860513355602727,0.055022415261218045,0.012557538558982572,351.47334788952605,21.82595039891179,4.981246505075874,1.8590412139816,3.1624,15.5,15.527598908516708,0.8578047554061629,0.03848593274024736,0.01389829729771824,82.63473411363772,3.70745766919869,1.3388618967091648,2.1870579297616195,1.5444000000000002,15.5,15.573218755825101,0.7255819688474425,0.07963295571942852,0.017935047776246393,22.312396254396855,2.448795779397751,0.5515212753437198,3.0422060222322695,14.269523809523808,15.5,15.552257229878862,0.6688546377511105,0.03921663488645944,0.019387515044635328,359.7192062445142,21.091244609396732,10.426871743550556,3.331066031753412,49.71846153846154,15.5,15.77725749702199,0.5613689092971955,0.17395041883278195,0.03244638309552195,3.630820735245215,1.1250761792158441,0.20985665322010638,3.873250074697177,5.5976923076923075,15.5,15.631275335489939,0.6230264851248272,0.045315794292890815,0.030467594661814573,11.215550120908643,0.8157623701324246,0.5484691953740074,3.934531155161399,16.026960784313726,15.5,15.681721049635383,0.658259448964833,0.23988437118919786,0.05609322764325339,10392.157503265591,3787.1331310021997,885.5621555481281,2.6530796881900005,103.16392572944297
17,0.3571428571428571,0.3571428571428571,0.3571428571428571,0.3571428571428571,0.3571428571428571,0.3571428571428571,0.3571428571428571,0.3571428571428571,0.3571428571428571,0.3571428571428571,0.3571428571428571,0.3571428571428571,0.3571428571428571,0.3571428571428571,0.3571428571428571,0.3571428571428571,0.3571428571428571,0.3571428571428571,0.3571428571428571,0.3571428571428571,0.3571428571428571,0.3571428571428571,0.3571428571428571,0.3571428571428571,0.3571428571428571,0.3571428571428571,0.3571428571428571,0.3571428571428571,15.5,15.515696847157928,0.8872331077301896,0.05406196523884467,0.00857297234490813,360.6616925382594,21.976276262805662,3.4849271167397937,1.7993005931712966,3.1445666666666665,15.5,15.500176830074759,0.8538709260973765,0.042516356548774815,0.010522025993164397,85.35034499975232,4.249805900003882,1.0517497682202699,2.1669810368833193,1.5247333333333333,15.5,15.549253184946046,0.7327046423693313,0.09399223750301677,0.01608368318604578,24.639212415302435,3.16074796214956,0.5408581623830553,2.8964530454748876,14.342380952380953,15.5,15.534814936777906,0.6605751104785823,0.046355984113979294,0.01577184490322966,372.25306819085654,26.12292991622622,8.887888088916911,3.3258068789187525,49.62,15.5,15.75179899883614,0.563639622145302,0.17582594257569392,0.034589238601745995,3.8907929378296817,1.2137229335598423,0.23876881608207012,3.825649015347525,5.764615384615385,15.5,15.637481701818983,0.6335481868445602,0.0609502482113098,0.026212872667982966,12.670542333482404,1.2189644232809345,0.5242400179157166,3.8300417216597644,15.944607843137254,15.5,15.61204263453794,0.6687772299114255,0.24866331322857618,0.03905558554331415,11461.700746215358,4261.664954062251,669.3461050176132,2.486465713350982,105.95517241379311
18,0.42857142857142855,0.42857142857142855,0.42857142857142855,0.42857142857142855,0.42857142857142855,0.42857142857142855,0.42857142857142855,0.42857142857142855,0.42857142857142855,0.42857142857142855,0.42857142857142855,0.42857142857142855,0.42857142857142855,0.42857142857142855,0.42857142857142855,0.42857142857142855,0.42857142857142855,0.42857142857142855,0.42857142857142855,0.42857142857142855,0.42857142857142855,0.42857142857142855,0.42857142857142855,0.42857142857142855,0.42857142857142855,0.42857142857142855,0.42857142857142855,0.42857142857142855,15.5,15.602158796300893,0.877998408183072,0.0535912616608328,0.01721200246266146,275.6373449017788,16.824350632590644,5.403507130575175,1.8839391091452944,2.8298999999999994,15.5,15.597042983141947,0.8490365582141031,0.041338674488767324,0.016224398528798048,78.3593149029442,3.8152305464316325,1.497382817181774,2.1870278193219974,1.5287333333333333,15.5,15.631385251619557,0.7311312293009056,0.09169091207408561,0.01482184663072948,24.416584718685094,3.0620753605766464,0.4949848391684824,2.883697564629404,14.42047619047619,15.5,15.613938837958337,0.6820348051133033,0.045228191779452,0.019526713706128386,360.8278102063915,23.927795586125967,10.330530486547463,3.2131617896183333,51.1751282051282,15.5,15.78828318553385,0.5641913453689716,0.1727352656069866,0.026887497786087775,3.6147711013925057,1.1067139746696184,0.1722680625707632,3.805071216571314,5.9169230769230765,15.5,15.704316853289253,0.6345401617011547,0.05716588312340224,0.02626037502648993,11.828453083745213,1.0656283200471142,0.48951923410118386,3.7675894494667332,15.869607843137256,15.5,15.720403702708904,0.6304411046534129,0.2628571488813614,0.05337376986941559,9565.342335590827,3988.1895324541733,809.8113793241214,2.65737123552065,97.68169761273208
19,0.42857142857142855,0.42857142857142855,0.42857142857142855,0.42857142857142855,0.42857142857142855,0.42857142857142855,0.42857142857142855,0.42857142857142855,0.42857142857142855,0.42857142857142855,0.42857142857142855,0.42857142857142855,0.42857142857142855,0.42857142857142855,0.42857142857142855,0.42857142857142855,0.42857142857142855,0.42857142857142855,0.42857142857142855,0.42857142857142855,0.42857142857142855,0.42857142857142855,0.42857142857142855,0.42857142857142855,0.42857142857142855,0.42857142857142855,0.42857142857142855,0.42857142857142855,15.5,15.540977799441045,0.8839181089954888,0.05028915050695167,0.013502514144099908,282.45533884019386,16.069858623633014,4.31471781034154,1.8909184294150505,2.8066666666666666,15.5,15.518996281295594,0.8561698925050659,0.035962866097198336,0.018049726671711962,84.31257603716338,3.5414955710048157,1.7774730994172705,2.1801652876668864,1.5480666666666665,15.5,15.543343325413812,0.7478360454088956,0.0936291062072407,0.013440569790030993,26.703658971617717,3.3432992931070484,0.4799345983128856,2.7800986812724666,14.574761904761905,15.5,15.547656030150097,0.661318919638621,0.03994578075745769,0.020997081459340195,380.38254383880405,22.976323902016997,12.077264117982411,3.3350235969253994,50.92333333333334,15.5,15.691489616925383,0.5886663613910775,0.16086532794115319,0.02503598842197774,4.101671680393049,1.1208671044395262,0.17444415281078576,3.730549910263131,6.086923076923077,15.5,15.714219202099887,0.6233319072277693,0.06125738442710161,0.028244519361394778,11.944654143077784,1.1738501787041051,0.5412381610781997,3.928382652377107,15.825490196078434,15.5,15.627998302034637,0.6484247816574719,0.23368901049018745,0.06312247235851907,10195.627954158215,3674.45272810676,992.517963408224,2.705209989129372,100.48116710875333
20,0.42857142857142855,0.42857142857142855,0.42857142857142855,0.42857142857142855,0.42857142857142855,0.42857142857142855,0.42857142857142855,0.42857142857142855,0.42857142857142855,0.42857142857142855,0.42857142857142855,0.42857142857142855,0.42857142857142855,0.42857142857142855,0.42857142857142855,0.42857142857142855,0.42857142857142855,0.42857142857142855,0.42857142857142855,0.42857142857142855,0.42857142857142855,0.42857142857142855,0.42857142857142855,0.42857142857142855,0.42857142857142855,0.42857142857142855,0.42857142857142855,0.42857142857142855,15.5,15.577499854347055,0.8811736017490163,0.051374964367034565,0.012266357279274033,261.81130644805376,15.264354847850552,3.644538395465969,1.9798373892940988,2.7952666666666666,15.5,15.56517274399014,0.8539836821403882,0.03922544905968118,0.014783875391076744,74.48898415379824,3.4214516208424226,1.2895279883774275,2.273439524411636,1.5289666666666668,15.5,15.59611913011253,0.7257180853948295,0.09074521245940104,0.016681788869681472,23.348515050330146,2.919544106029836,0.5367028965225272,3.0302150822019573,14.424761904761903,15.5,15.584739200652969,0.6837075796142538,0.0457227605387924,0.020220870569622195,341.93704726157495,22.866948089274615,10.112897650682923,3.280984384734851,50.89846153846154,15.5,15.76346070646667,0.5616557954662004,0.1503246100116397,0.027471621383243786,3.338046254935152,0.8934128438173272,0.16327000204674613,4.032020593459183,5.651538461538462,15.5,15.671049003308251,0.6105474661440157,0.06156437038025395,0.03162572498238799,10.833726916070166,1.0924155998415774,0.5611758085670465,3.981974223019168,15.70980392156863,15.5,15.676653249420454,0.6449916763216732,0.2448299661193823,0.053771064572310096,8842.863071094136,3356.62915596228,737.2035619305582,2.8131453908353063,95.61883289124668
21,0.5,0.5,0.5,0.5,0.5,0.5,0.5,0.5,0.5,0.5,0.5,0.5,0.5,0.5,0.5,0.5,0.5,0.5,0.5,0.5,0.5,0.5,0.5,0.5,0.5,0.5,0.5,0.5,15.5,15.718614807895511,0.8590217924172596,0.04830916841071733,0.015390499341518883,168.50717323377285,9.476408493965343,3.01902648057137,2.059502777102589,2.4861333333333335,15.5,15.682000091378416,0.8270653162595848,0.03441425003949079,0.01852164430042349,59.894261204655066,2.492204715281077,1.3412969687645502,2.3501565513727396,1.5308,15.5,15.707734827248075,0.6921578359314161,0.08781812363074204,0.021350633424865092,19.20316902813466,2.4364186667704866,0.5923501855089186,3.104842174117429,14.345238095238095,15.5,15.709139093220152,0.6228813853147952,0.04221673366043076,0.02137618057282749,290.40586234973523,19.682699199704725,9.966212346927511,3.501064496624632,52.47692307692307,15.5,15.829286863268527,0.550128792059566,0.13978157264554275,0.030255650204475383,2.912492766960591,0.7400318346552545,0.16017951369228284,3.9142849473668897,6.139230769230769,15.5,15.868684568867486,0.573331425230667,0.07184347462450967,0.029228168405476818,9.170895009561963,1.1491938761919882,0.46752794626699684,4.0707312942068175,15.652450980392157,15.5,15.840496296617616,0.5892398054487069,0.24880836576381501,0.0647276109709988,6054.645801392259,2556.5932803470246,665.0989196177521,2.972028417918738,84.10716180371354
22,0.5,0.5,0.5,0.5,0.5,0.5,0.5,0.5,0.5,0.5,0.5,0.5,0.5,0.5,0.5,0.5,0.5,0.5,0.5,0.5,0.5,0.5,0.5,0.5,0.5,0.5,0.5,0.5,15.5,15.692614929536317,0.8611079997538941,0.043855364693021,0.018668926897584252,167.41022184691707,8.52603428900255,3.6294741129587598,2.1301887527351004,2.4072,15.5,15.689706959302486,0.8274727651005785,0.03289687873994658,0.019837922781532753,57.95345480154877,2.303988548717725,1.3893824785114601,2.4330366100832923,1.4896,15.5,15.692866330069194,0.7025350168193669,0.07972256147922512,0.016537302720807882,18.700966229512723,2.1221560409942843,0.44021085398590704,3.1679663475488713,14.645238095238094,15.5,15.72465892199057,0.6284348471771722,0.03206115158133912,0.02899761659935416,289.8863460997406,14.789265944452106,13.376109169226398,3.592439112630567,52.8525641025641,15.5,15.902123649819504,0.537493178852004,0.1611604661945999,0.025605554391625995,2.6846634993757394,0.8049620686519471,0.12789426910179694,4.099946205751987,5.617692307692308,15.5,15.914435900655887,0.5557494643868774,0.042190142798146396,0.03689271689588515,8.420090902424949,0.639217597696834,0.5589569577786114,4.341793384344967,15.465196078431374,15.5,15.881185669965198,0.585889237372177,0.24989918983522344,0.07943138386596364,5726.8478982467595,2442.6710012635226,776.4120327383018,3.160405626482124,80.57161803713528
23,0.5,0.5,0.5,0.5,0.5,0.5,0.5,0.5,0.5,0.5,0.5,0.5,0.5,0.5,0.5,0.5,0.5,0.5,0.5,0.5,0.5,0.5,0.5,0.5,0.5,0.5,0.5,0.5,16.0,15.809415424168298,0.8438788807660729,0.049917371962431484,0.015451960562084721,129.27852566123065,7.647121404825467,2.367172263190622,2.0954485380666132,2.3061666666666665,16.0,15.774041791115964,0.8067170864930777,0.03950661052515107,0.0212873277784578,48.65598281580048,2.382784491622104,1.283914611360897,2.3858481729108134,1.4830666666666668,16.0,15.770445038363182,0.654151465687972,0.08140461129037146,0.019949987719466947,15.259993833545902,1.899000356143528,0.4653917411286476,3.2514894881695056,14.730476190476189,16.0,15.782216204034498,0.5638158391123023,0.04355548740669191,0.0249896482153206,242.11373151248225,18.70359229439571,10.731051806067462,3.6701086673419616,52.75,16.0,15.953199736791607,0.5321713173085555,0.12400788108250291,0.028042063812466846,2.2764718582980077,0.5304691220849932,0.1199556741248885,4.044341630773482,5.64,16.0,15.897071374580861,0.5229124308822888,0.06671833338009503,0.033974728214610846,7.58516584560866,0.9677903865791799,0.49282429111981474,4.237416420391749,15.437745098039217,16.0,15.931554019305839,0.5664516262924733,0.2789096076893905,0.07391204855771571,4698.590296890919,2313.4931838334737,613.0840093965991,2.907104286527291,76.09257294429709
24,0.5714285714285714,0.5714285714285714,0.5714285714285714,0.5714285714285714,0.5714285714285714,0.5714285714285714,0.5714285714285714,0.5714285714285714,0.5714285714285714,0.5714285714285714,0.5714285714285714,0.5714285714285714,0.5714285714285714,0.5714285714285714,0.5714285714285714,0.5714285714285714,0.5714285714285714,0.5714285714285714,0.5714285714285714,0.5714285714285714,0.5714285714285714,0.5714285714285714,0.5714285714285714,0.5714285714285714,0.5714285714285714,0.5714285714285714,0.5714285714285714,0.5714285714285714,16.0,16.091945210788484,0.7904308685062384,0.03565905929584664,0.019807123994963566,59.56197448013228,2.6870458434632583,1.4925421829012546,2.594466024068141,1.9186333333333336,16.0,16.062807357502813,0.7271949776564897,0.027105674170875678,0.030697103720723647,28.933772322871086,1.0784857283331175,1.2213822115346544,3.0344578935548,1.4405666666666666,16.0,16.064911465237483,0.5903905958370149,0.04219972598641322,0.03142913528826582,9.355268352026732,0.6686924957285034,0.4980228288985993,3.846145036010152,15.01380952380952,16.0,16.072406267415012,0.4810428205220626,0.022056626339760962,0.02880897476203902,155.99109036605057,7.15245513653407,9.342085971850375,4.153878798923908,54.502051282051276,16.0,16.26343379806939,0.4361831873796801,0.07528663608728556,0.045434850523206324,1.1573486230732686,0.19976213465465942,0.12055476509414464,4.8640436976187384,4.984615384615385,16.0,16.355370758746613,0.40695320240842603,0.04295280840203837,0.03845405620676026,4.267373440064582,0.4504097096822507,0.4032351070057132,4.983113539901234,14.984313725490196,16.0,16.266521434942614,0.5455851875957753,0.1905620194993449,0.1010607758917145,2040.1053733854337,712.5680989562183,377.8963150442839,3.5511471202417026,56.107957559681694
25,0.5714285714285714,0.5714285714285714,0.5714285714285714,0.5714285714285714,0.5714285714285714,0.5714285714285714,0.5714285714285714,0.5714285714285714,0.5714285714285714,0.5714285714285714,0.5714285714285714,0.5714285714285714,0.5714285714285714,0.5714285714285714,0.5714285714285714,0.5714285714285714,0.5714285714285714,0.5714285714285714,0.5714285714285714,0.5714285714285714,0.5714285714285714,0.5714285714285714,0.5714285714285714,0.5714285714285714,0.5714285714285714,0.5714285714285714,0.5714285714285714,0.5714285714285714,16.0,16.038343027545594,0.8253679963063717,0.031621783922496385,0.02128130120525168,79.70877832921855,3.053830262782692,2.0552123754712177,2.300582422746076,2.037,16.0,16.033442461531564,0.7670575992899619,0.02672411651151697,0.02713917976445181,35.16372648517185,1.2250964261858728,1.2441239030191076,2.7169628980468117,1.4854666666666667,16.0,16.04567164780044,0.6258031872021115,0.05509361443105172,0.028338343507582235,11.705339992317608,1.0304988876843808,0.530054739827022,3.530925969991867,14.777142857142858,16.0,16.079324529951794,0.5524350830689796,0.02543315190879437,0.039815810936511625,191.14529472106224,8.799997440939185,13.776469216505774,3.8237692770244953,54.433076923076925,16.0,16.20884282471492,0.4719118646184617,0.08101549347703421,0.03525809499489655,1.521913744361455,0.26127461984582745,0.11370720550990711,4.522798280332727,5.545384615384616,16.0,16.289817355451763,0.45038348330756317,0.0432393814473618,0.04111277279722858,5.346577823355817,0.5133019449210459,0.4880566171744366,4.717028783611479,15.17598039215686,16.0,16.272033682199755,0.5781600375175346,0.20205858126012968,0.10187019019718623,2743.9394799114048,958.9672104546684,483.4745028527945,3.264695836131976,64.22440318302388
26,0.5714285714285714,0.5714285714285714,0.5714285714285714,0.5714285714285714,0.5714285714285714,0.5714285714285714,0.5714285714285714,0.5714285714285714,0.5714285714285714,0.5714285714285714,0.5714285714285714,0.5714285714285714,0.5714285714285714,0.5714285714285714,0.5714285714285714,0.5714285714285714,0.5714285714285714,0.5714285714285714,0.5714285714285714,0.5714285714285714,0.5714285714285714,0.5714285714285714,0.5714285714285714,0.5714285714285714,0.5714285714285714,0.5714285714285714,0.5714285714285714,0.5714285714285714,16.0,16.08557795566996,0.7868976650167623,0.034587750263495684,0.02818424888131036,61.62805048759638,2.708834597248018,2.207326810374227,2.648079606569474,1.9270333333333332,16.0,16.072365718078494,0.7136836405211254,0.026386038808150304,0.03621748348894626,26.678859122114766,0.9863605835763272,1.3538787845179894,3.0817501173505653,1.4395666666666667,16.0,16.09290948899947,0.558315328709212,0.04574869117237185,0.037357184752169675,9.070594397122163,0.7432499171806125,0.6069184442574608,4.02104473799459,14.940952380952378,16.0,16.10857662318728,0.48862800590396066,0.023984016472652893,0.0510765444435303,138.20782739469377,6.7838494086141665,14.446937451547374,4.197399476861187,54.460512820512825,16.0,16.306528984503213,0.43335136313237027,0.0693399816086288,0.04605125173924668,1.1025023691727915,0.17640995392129322,0.1171603886945281,4.81395252480076,5.003846153846154,16.0,16.49844245137179,0.3917322889015663,0.04273466932277606,0.05647843267121942,3.8738058902130184,0.4225993578499052,0.5585102156507333,5.158695852172457,15.046078431372548,16.0,16.333737670277298,0.5299663389887804,0.16411638026498152,0.1241044358652598,1754.9543791251162,543.4623655188212,410.9650126197933,3.7282276723836065,55.00053050397878
27,0.6428571428571428,0.6428571428571428,0.6428571428571428,0.6428571428571428,0.6428571428571428,0.6428571428571428,0.6428571428571428,0.6428571428571428,0.6428571428571428,0.6428571428571428,0.6428571428571428,0.6428571428571428,0.6428571428571428,0.6428571428571428,0.6428571428571428,0.6428571428571428,0.6428571428571428,0.6428571428571428,0.6428571428571428,0.6428571428571428,0.6428571428571428,0.6428571428571428,0.6428571428571428,0.6428571428571428,0.6428571428571428,0.6428571428571428,0.6428571428571428,0.6428571428571428,16.0,16.265041851776626,0.7632876063222966,0.024007972477039077,0.025736477703732046,40.75967105009802,1.2820292804947313,1.374331715205864,2.9995078772726664,1.6818333333333335,16.0,16.2178276558176,0.6959704044275243,0.02505009494568852,0.03434077061263861,24.053267472942252,0.865750368288815,1.1868431983859864,3.389347724653404,1.4483666666666666,16.0,16.226286595926965,0.5579377063558044,0.03602910220936448,0.03337930593568228,8.002049051941203,0.5167362590706152,0.47873237527120394,4.194744675734309,15.037619047619048,16.0,16.277130290995824,0.45999853974332433,0.021332142293528568,0.046557438903380516,127.51355570011914,5.913360759941843,12.905920488734031,4.4573056110350215,56.20410256410256,16.0,16.360029947362133,0.412159050257276,0.05799393969374668,0.05080376935912245,1.1872886920633572,0.1670606256580051,0.14634821396407302,5.084259453401998,5.641538461538461,16.0,16.59744256606697,0.3434783482731299,0.04298251485269448,0.059362981853550524,3.114852058873126,0.38978927072863706,0.5383364255040148,5.491303093747438,14.813725490196079,16.0,16.386003834947743,0.5268955224521494,0.15592032676480003,0.11398761250821375,1251.442683568498,370.33025302874717,270.7348185973623,3.835610349996192,47.57214854111405
28,0.6428571428571428,0.6428571428571428,0.6428571428571428,0.6428571428571428,0.6428571428571428,0.6428571428571428,0.6428571428571428,0.6428571428571428,0.6428571428571428,0.6428571428571428,0.6428571428571428,0.6428571428571428,0.6428571428571428,0.6428571428571428,0.6428571428571428,0.6428571428571428,0.6428571428571428,0.6428571428571428,0.6428571428571428,0.6428571428571428,0.6428571428571428,0.6428571428571428,0.6428571428571428,0.6428571428571428,0.6428571428571428,0.6428571428571428,0.6428571428571428,0.6428571428571428,16.0,16.255171698013132,0.7902081875695863,0.031687229990165884,0.02193368223351523,49.97685821342894,2.0040645304695457,1.387199657414668,2.610598046588705,1.7661666666666664,16.0,16.20956784309448,0.7258852775555874,0.026618193688446718,0.038899305088528444,28.92749789992146,1.0607705732994144,1.550189266885413,3.0198225009888624,1.5002666666666669,16.0,16.215221690579213,0.5892989354110754,0.043778707444019696,0.03616078758389505,9.68182766264011,0.7192578762601517,0.594100027159201,3.837406046612595,14.776666666666662,16.0,16.257123534655094,0.49733317267764543,0.022449921911202767,0.04582314011726667,158.64149946498173,7.161173777509895,14.616864624690853,4.163274631045907,55.89410256410256,16.0,16.469884030212633,0.4433069244588271,0.06270581468249202,0.040160116330723146,1.420326829221549,0.20090539088795534,0.12867042570746554,4.785043389169691,6.141538461538461,16.0,16.49162197363557,0.42306299581477796,0.04482120174545503,0.05146882227796309,4.387826090786357,0.46486608468401713,0.5338123246122105,4.960294707237802,14.977941176470587,16.0,16.383804791668762,0.537288722818921,0.186869063960681,0.12070503689273429,1801.3910602288913,626.5239655245138,404.69298004687784,3.5549171725519235,52.42466843501327
29,0.6428571428571428,0.6428571428571428,0.6428571428571428,0.6428571428571428,0.6428571428571428,0.6428571428571428,0.6428571428571428,0.6428571428571428,0.6428571428571428,0.6428571428571428,0.6428571428571428,0.6428571428571428,0.6428571428571428,0.6428571428571428,0.6428571428571428,0.6428571428571428,0.6428571428571428,0.6428571428571428,0.6428571428571428,0.6428571428571428,0.6428571428571428,0.6428571428571428,0.6428571428571428,0.6428571428571428,0.6428571428571428,0.6428571428571428,0.6428571428571428,0.6428571428571428,16.0,15.979657753688034,0.7972697885001042,0.038937449434820845,0.02750150740341792,60.15383049817882,2.937822010965759,2.0749826955087176,2.374425140719551,1.7835333333333336,16.0,15.958636288100438,0.7488371928453462,0.027908218747628978,0.03965484632816032,33.98656988266524,1.266636641221012,1.7997666499408405,2.7335907778209494,1.5066666666666666,16.0,15.997010343856344,0.6500365980560977,0.05098022299917985,0.028962054163730745,12.589427827701632,0.9873472355366084,0.5609156341760433,3.3231379972298796,14.741428571428571,16.0,15.967189494064604,0.5274270423433176,0.020518563810200858,0.04712775114780135,179.28071739009104,6.974581400611372,16.019461188832537,3.865189826320438,55.68794871794872,16.0,16.21508969008355,0.4588180390860077,0.08195231733970204,0.03749744474292417,1.5484678398813683,0.2765813830185798,0.12655035834644343,4.5137634639899105,6.193076923076924,16.0,16.219043360011636,0.431148440380137,0.0342254148814365,0.047450135768038734,4.599474169612064,0.3651153453150142,0.5061961342531026,4.785130081049685,14.967156862745096,16.0,16.137819524005604,0.525100054047661,0.18379360443197476,0.1443681432898274,2218.8320984496368,776.6275129090087,610.0335885624776,3.4686348552922563,58.24615384615385
30,0.7142857142857142,0.7142857142857142,0.7142857142857142,0.7142857142857142,0.7142857142857142,0.7142857142857142,0.7142857142857142,0.7142857142857142,0.7142857142857142,0.7142857142857142,0.7142857142857142,0.7142857142857142,0.7142857142857142,0.7142857142857142,0.7142857142857142,0.7142857142857142,0.7142857142857142,0.7142857142857142,0.7142857142857142,0.7142857142857142,0.7142857142857142,0.7142857142857142,0.7142857142857142,0.7142857142857142,0.7142857142857142,0.7142857142857142,0.7142857142857142,0.7142857142857142,16.5,16.434674816912224,0.6839949100017351,0.025558600583270814,0.0418463756543606,22.491521018080466,0.8404328655163544,1.3760170197145978,3.695513711532344,1.4496,16.5,16.400844050835342,0.6219230632777496,0.02576098251204678,0.0496147924410223,16.653902761624433,0.6898295354065922,1.3285886593370302,4.04628781370179,1.5189333333333335,16.5,16.435581086456285,0.46681934485498655,0.03350118916158204,0.0581025600532835,5.559736930069627,0.39899331644183555,0.6919913504445206,4.929725076740164,14.95952380952381,16.5,16.432807618262256,0.37856392250008614,0.021216530953922293,0.06214414186142766,91.51768976888673,5.129088596160668,15.023323559910887,4.987179690971655,57.22641025641026,16.5,16.621439722312985,0.3194824971331883,0.045702888969952275,0.061964829205261,0.8673432446006812,0.12407594269647149,0.16822447707240934,5.729562155998345,6.456153846153847,16.5,16.995282254458772,0.2546113553799485,0.04076630466709696,0.06909662237010424,2.0903190452550318,0.3346849276346643,0.5672723649245316,6.045170336053175,14.61764705882353,16.5,16.643078568595524,0.4949289518036583,0.09210347321448367,0.14862005081070492,681.136802223047,126.75569895502274,204.53559200066593,4.349252064923882,37.10106100795756
31,0.7142857142857142,0.7142857142857142,0.7142857142857142,0.7142857142857142,0.7142857142857142,0.7142857142857142,0.7142857142857142,0.7142857142857142,0.7142857142857142,0.7142857142857142,0.7142857142857142,0.7142857142857142,0.7142857142857142,0.7142857142857142,0.7142857142857142,0.7142857142857142,0.7142857142857142,0.7142857142857142,0.7142857142857142,0.7142857142857142,0.7142857142857142,0.7142857142857142,0.7142857142857142,0.7142857142857142,0.7142857142857142,0.7142857142857142,0.7142857142857142,0.7142857142857142,16.5,16.55329892437373,0.6435110357842768,0.029024951305064002,0.04095228730216043,18.27398244274617,0.8242305431543644,1.1629348022569868,4.087268702658515,1.3693666666666666,16.5,16.55789049012255,0.6054352217289845,0.024358097990053673,0.05637806662980419,15.796435387408666,0.6355281411630356,1.4709624660445941,4.250674168150818,1.4675,16.5,16.592338113211657,0.4753189543115499,0.02861959433437202,0.04342957597617989,5.71733800981875,0.34424862090866226,0.5223893623989044,4.980864463929787,15.331428571428571,16.5,16.648669131218153,0.3976007348205686,0.01828557586476924,0.05371732434664749,95.11778113719294,4.374447154524428,12.85076272000818,4.98381664836088,57.63256410256411,16.5,16.869084769937082,0.285239696229489,0.039035510367556876,0.07046687271050792,0.6384693212916313,0.08737555165040824,0.15773027733427536,5.983469151319298,5.836923076923077,16.5,17.153411239744152,0.312116745591356,0.03161418824546273,0.05580514019732361,2.509976126701858,0.2542345416642956,0.4487730043998372,5.864961057012415,14.474509803921569,16.5,16.967430410210206,0.49249046525562756,0.11590933930382927,0.1313907058083889,748.1721755567851,176.0849167085567,199.60360077545798,4.488979356170398,35.30477453580902
32,0.7142857142857142,0.7142857142857142,0.7142857142857142,0.7142857142857142,0.7142857142857142,0.7142857142857142,0.7142857142857142,0.7142857142857142,0.7142857142857142,0.7142857142857142,0.7142857142857142,0.7142857142857142,0.7142857142857142,0.7142857142857142,0.7142857142857142,0.7142857142857142,0.7142857142857142,0.7142857142857142,0.7142857142857142,0.7142857142857142,0.7142857142857142,0.7142857142857142,0.7142857142857142,0.7142857142857142,0.7142857142857142,0.7142857142857142,0.7142857142857142,0.7142857142857142,15.5,16.741715817770377,0.3293527709808584,0.050786604181175796,0.06873036377222926,4.903450060661562,0.7561180572774185,1.0232672565788608,5.944787509014523,1.4048666666666667,15.5,16.790738202675843,0.24694291181335498,0.033928941671281646,0.09119015168300387,3.363935495900907,0.4621909184931026,1.2422214748763432,6.213562580816788,1.4879666666666667,15.5,16.722093383996775,0.15019416910881037,0.029106027318060695,0.09042842715798986,1.0490607183550829,0.2032967731565306,0.6316151373716437,6.484680146400772,15.21190476190476,15.5,17.15147781652168,0.10912708544525343,0.022454546207028782,0.07651959464624403,18.083923006233217,3.721040318185065,12.680394169832937,5.991585417477147,57.5097435897436,17.0,17.66403182553905,0.11778788038507111,0.04851277428366332,0.07028927120725395,0.2203047954657712,0.09073596350575096,0.13146567767522913,6.609278966186256,6.028461538461539,15.5,19.345174416969233,0.10354487007342758,0.041315595326599064,0.07695172368927693,0.6505225630533894,0.25956599247144313,0.4834506286040635,6.678801890355837,14.562254901960783,15.5,17.270836128448508,0.28269446043095114,0.07190679988746736,0.15795942999836293,99.84743449528563,25.397418402130917,55.79113158294983,5.601602401701627,29.164190981432366
33,0.7857142857142857,0.7857142857142857,0.7857142857142857,0.7857142857142857,0.7857142857142857,0.7857142857142857,0.7857142857142857,0.7857142857142857,0.7857142857142857,0.7857142857142857,0.7857142857142857,0.7857142857142857,0.7857142857142857,0.7857142857142857,0.7857142857142857,0.7857142857142857,0.7857142857142857,0.7857142857142857,0.7857142857142857,0.7857142857142857,0.7857142857142857,0.7857142857142857,0.7857142857142857,0.7857142857142857,0.7857142857142857,0.7857142857142857,0.7857142857142857,0.7857142857142857,16.5,16.740254652530282,0.4611671027963786,0.03976265726515563,0.06396327500468572,7.538931098709339,0.6500202022345047,1.045639899689544,5.193761600435753,1.2658666666666667,16.5,16.73133465514892,0.37036966395364573,0.033359141705338914,0.09416680689344625,6.149507107595349,0.5538852097939021,1.5635174925214237,5.597169991033882,1.5099666666666667,16.5,16.65122936987478,0.2772514308055566,0.022271859510082936,0.05903562285542383,2.3723315045206084,0.19057154665175396,0.505144617584105,5.965487643224331,15.047142857142857,16.5,16.841710202313102,0.19934762959901414,0.018255687989159768,0.08953090655257827,38.07042901310059,3.4863814286360446,17.09817181796743,5.769610681821218,59.28923076923076,16.5,17.437523305059454,0.17504276033296,0.030140212760648103,0.06913935776865368,0.39015921337383613,0.0671806230617368,0.15410724436062706,6.429989778371111,6.6753846153846155,16.5,17.78551603898789,0.16388670569922412,0.03011504462033427,0.0789754091233694,1.1207001696752499,0.20593455382358153,0.5400545091629807,6.468354419022458,14.213725490196078,16.5,17.118671130267312,0.3761228399343831,0.09766990964202986,0.15882326741673475,180.60069342924882,46.89758646829302,76.26123484860781,5.125271230504267,26.454376657824927
34,0.7857142857142857,0.7857142857142857,0.7857142857142857,0.7857142857142857,0.7857142857142857,0.7857142857142857,0.7857142857142857,0.7857142857142857,0.7857142857142857,0.7857142857142857,0.7857142857142857,0.7857142857142857,0.7857142857142857,0.7857142857142857,0.7857142857142857,0.7857142857142857,0.7857142857142857,0.7857142857142857,0.7857142857142857,0.7857142857142857,0.7857142857142857,0.7857142857142857,0.7857142857142857,0.7857142857142857,0.7857142857142857,0.7857142857142857,0.7857142857142857,0.7857142857142857,16.5,16.856495352988482,0.48509474424232246,0.041870323331791616,0.06344214419675732,7.985303011570437,0.6892410667507973,1.044341855127964,5.080728418334392,1.2041333333333333,16.5,16.71200105450191,0.4121876413626225,0.041413802866820094,0.0815781357732269,7.323183737792362,0.7357835539945846,1.449368242286379,5.391433924662004,1.5220333333333333,16.5,16.672458302308936,0.3167426653859457,0.027658146022844925,0.0690310251394816,2.7899483341162905,0.24361984302669576,0.6080424730768906,5.794039111315969,15.042380952380952,16.5,16.766795999197402,0.24934908293227398,0.02684090796968528,0.0821778051557976,44.13087372096172,4.750419396921798,14.544181592122884,5.688770824594959,59.13307692307693,16.5,17.423829444025728,0.19297809040713054,0.035365819964465306,0.06737053040128828,0.43378171800808774,0.07949631023182535,0.15143742151729317,6.352819431563692,6.8076923076923075,16.5,17.544637788636148,0.1868719553969865,0.03863430118747882,0.06206075279281184,1.2869550092502322,0.26606778602216014,0.4274017281773331,6.359593500302202,14.235784313725489,16.5,16.90702692659913,0.43235676572853143,0.09825072592703545,0.15582494538656583,216.03398267987177,49.09254880617062,77.86042967550087,4.883652131386461,25.83448275862069
35,0.7857142857142857,0.7857142857142857,0.7857142857142857,0.7857142857142857,0.7857142857142857,0.7857142857142857,0.7857142857142857,0.7857142857142857,0.7857142857142857,0.7857142857142857,0.7857142857142857,0.7857142857142857,0.7857142857142857,0.7857142857142857,0.7857142857142857,0.7857142857142857,0.7857142857142857,0.7857142857142857,0.7857142857142857,0.7857142857142857,0.7857142857142857,0.7857142857142857,0.7857142857142857,0.7857142857142857,0.7857142857142857,0.7857142857142857,0.7857142857142857,0.7857142857142857,16.5,17.025656214151915,0.36292284905102773,0.0419788276050142,0.07292985642204786,4.563307691864473,0.5278320375978309,0.9170030921103841,5.707359457534657,1.2503,16.5,16.871561247659816,0.2842036497991431,0.032067197603175245,0.09760092331785546,4.386996532333307,0.4949925336504278,1.5065778094354787,5.952704815852498,1.5381,16.5,16.79980659144194,0.19562567160887032,0.023348790628566145,0.06873853144058742,1.5127592696647192,0.18055452113383358,0.5315501271622132,6.261438169427697,15.025714285714285,16.5,16.967393757419615,0.1423725711539497,0.021271855786455643,0.09504825061937411,24.76251230331319,3.6997617332964685,16.53150923871162,5.906806627455186,58.992051282051285,16.5,17.78967883327639,0.13533134176860181,0.033664878415828554,0.0705718648036289,0.28695693370278336,0.07138309690449308,0.14964076809615418,6.564016203156141,7.050769230769229,16.5,18.12446732616907,0.11228794750557662,0.04182552976210238,0.06937102047599386,0.75049327431689,0.2795471773997812,0.4636515802120886,6.592155271497417,14.315686274509805,16.5,17.11723196240489,0.30343664888751815,0.0706386250536957,0.1793817705451614,134.50494613215136,31.312118995944427,79.51490194979992,5.326937253643683,26.446419098143238
36,0.8571428571428571,0.8571428571428571,0.8571428571428571,0.8571428571428571,0.8571428571428571,0.8571428571428571,0.8571428571428571,0.8571428571428571,0.8571428571428571,0.8571428571428571,0.8571428571428571,0.8571428571428571,0.8571428571428571,0.8571428571428571,0.8571428571428571,0.8571428571428571,0.8571428571428571,0.8571428571428571,0.8571428571428571,0.8571428571428571,0.8571428571428571,0.8571428571428571,0.8571428571428571,0.8571428571428571,0.8571428571428571,0.8571428571428571,0.8571428571428571,0.8571428571428571,16.5,17.024290201457035,0.25822686695230085,0.046837537726755404,0.0882973725499203,2.316640945177927,0.4201954620359485,0.7921457244747488,6.188675850988877,1.0042,16.5,16.790753889017253,0.20868810009857705,0.04893433111670866,0.10990272245862327,2.885459613201169,0.6765984072382615,1.5195876855719999,6.308314799710097,1.5285333333333333,16.5,16.70727657913472,0.17174171611965883,0.024064701527210932,0.08231935370624639,1.2643849545894876,0.17716747704146915,0.6060458381887228,6.434935708528524,15.293333333333331,16.5,17.09224534162382,0.10511631876614416,0.02990321361652615,0.1026628393082773,16.806408640969448,4.781042882938235,16.414136738327294,6.102342720470805,61.2723076923077,16.5,17.26112225512307,0.1226997758563227,0.03279418564398576,0.07194138628752039,0.2826755640693711,0.07555119689838992,0.16573846045627827,6.59830786207552,7.68,16.5,19.382148980182606,0.08464915077792126,0.04341624222883736,0.07313811985277031,0.5094043834422296,0.26127165955843157,0.44013293113203844,6.6887393630779854,13.988725490196078,16.5,17.31011614138266,0.2575877176337429,0.1001122646903332,0.1926927844656554,60.555180423320586,23.534958524420794,45.29931177146025,5.661374891457295,22.00557029177719
37,0.8571428571428571,0.8571428571428571,0.8571428571428571,0.8571428571428571,0.8571428571428571,0.8571428571428571,0.8571428571428571,0.8571428571428571,0.8571428571428571,0.8571428571428571,0.8571428571428571,0.8571428571428571,0.8571428571428571,0.8571428571428571,0.8571428571428571,0.8571428571428571,0.8571428571428571,0.8571428571428571,0.8571428571428571,0.8571428571428571,0.8571428571428571,0.8571428571428571,0.8571428571428571,0.8571428571428571,0.8571428571428571,0.8571428571428571,0.8571428571428571,0.8571428571428571,15.0,16.944674533043646,0.18666237927047297,0.06867021042620582,0.06581634303938785,1.6106964199824103,0.592550371023931,0.5679245519327063,6.389942159318778,1.027,15.5,16.826280267648325,0.12670985999243978,0.05127978172899648,0.11964436479800653,1.5202767547553113,0.6152596187555646,1.4355042823875481,6.541861790937986,1.4675,15.0,16.77859420858861,0.09506776222988365,0.021143704471725817,0.0762918959008489,0.6533533364228014,0.1453101402296116,0.5243161673281943,6.609619232241207,16.00238095238095,120.5,16.941170624038094,0.06686189945868874,0.026257498768100337,0.09998804183900939,10.275205042144378,4.035200703545427,15.36596537005533,6.112445900981939,61.66564102564102,15.5,18.267147999861646,0.08764147856984357,0.04474020802221964,0.05953356117081129,0.1913652625016296,0.09769029222534782,0.12999159469942134,6.685306443175566,7.3076923076923075,15.0,18.99685896349419,0.08761547545240668,0.03493986401994278,0.07822791479037565,0.5009421884053912,0.19976895467792777,0.4472687345144665,6.697806384635027,13.798039215686273,15.0,17.635242097134775,0.16941876208633505,0.0847070508012207,0.2079524132450829,28.93880124724467,14.46900258973443,35.52082119876222,5.911108528642048,19.882758620689653
38,0.8571428571428571,0.8571428571428571,0.8571428571428571,0.8571428571428571,0.8571428571428571,0.8571428571428571,0.8571428571428571,0.8571428571428571,0.8571428571428571,0.8571428571428571,0.8571428571428571,0.8571428571428571,0.8571428571428571,0.8571428571428571,0.8571428571428571,0.8571428571428571,0.8571428571428571,0.8571428571428571,0.8571428571428571,0.8571428571428571,0.8571428571428571,0.8571428571428571,0.8571428571428571,0.8571428571428571,0.8571428571428571,0.8571428571428571,0.8571428571428571,0.8571428571428571,17.0,17.95363804052078,0.2005594836294338,0.043989500448054504,0.08654233933859516,1.774552387765335,0.38921955543588765,0.7657275145355613,6.349212652586704,1.0018333333333334,17.0,17.612304147379913,0.1694378899740884,0.038604747215919256,0.13143400793937002,2.100500965603037,0.4785783676620399,1.629371450694668,6.4236567347114875,1.5104666666666664,17.0,17.464638756154155,0.12419558830216745,0.021787396464160867,0.07679494268372675,0.8615965320959322,0.15114824522790696,0.532758507796771,6.5700554369463084,15.525238095238095,17.0,17.532751196934456,0.0928618283190614,0.021681317532730768,0.09913471745354939,14.758158646187988,3.4457250045413703,15.755083805777161,6.123798184560184,61.39794871794872,17.0,18.818233544578995,0.08446882452831395,0.035021258348670675,0.08809351200477383,0.18211941923519107,0.07550775409698719,0.1899344442673042,6.67670433521412,7.466153846153847,17.0,18.825549460295044,0.0859440447396447,0.03477975791144363,0.08761890035525163,0.5362173439512169,0.21699594738689187,0.5466670107364275,6.683917512039044,13.873529411764705,17.0,17.927018266368986,0.24405604505926132,0.07679807937073808,0.1902840950899678,50.78142580204713,15.979591771053615,39.59294535718036,5.739325459054407,21.111405835543767
39,0.9285714285714285,0.9285714285714285,0.9285714285714285,0.9285714285714285,0.9285714285714285,0.9285714285714285,0.9285714285714285,0.9285714285714285,0.9285714285714285,0.9285714285714285,0.9285714285714285,0.9285714285714285,0.9285714285714285,0.9285714285714285,0.9285714285714285,0.9285714285714285,0.9285714285714285,0.9285714285714285,0.9285714285714285,0.9285714285714285,0.9285714285714285,0.9285714285714285,0.9285714285714285,0.9285714285714285,0.9285714285714285,0.9285714285714285,0.9285714285714285,0.9285714285714285,16.5,16.96833918219439,0.18563977181463975,0.055362138860438025,0.07273156196308489,1.222512620717964,0.36458196864411646,0.4789666112775837,6.439254905261595,0.8036999999999999,16.5,17.20723469658663,0.16239217799265201,0.037709843328510746,0.14373806919568483,2.0493613702523406,0.47589174029807463,1.8139497239677593,6.452635148416538,1.5109333333333332,16.5,16.920500038200522,0.13836079025703615,0.021196147919896238,0.07530274824306106,1.0042062586747647,0.15383913579427866,0.5465384444582306,6.541985534193682,16.097142857142856,16.5,17.22451200019326,0.09537760080703604,0.025347596888426922,0.10360775921145546,15.214540984169275,4.043423701644667,16.52740775048247,6.088163928131999,63.61435897435897,17.0,17.989947982410293,0.0717387338180526,0.03678722240687437,0.0773841243140272,0.17342994357574973,0.088933907343752,0.18707779743477018,6.704365874570086,8.36,16.5,18.253787209949433,0.08631730698247313,0.03522332405341655,0.06905405056829682,0.4930958895835303,0.20121661478311748,0.394477882647965,6.6578552815066665,13.504411764705885,16.5,17.800248118623912,0.23371889917737607,0.07110620279558034,0.2194830001487059,36.41929397210886,11.080138200066047,34.20098217316049,5.771143509776085,16.7893899204244
40,0.9285714285714285,0.9285714285714285,0.9285714285714285,0.9285714285714285,0.9285714285714285,0.9285714285714285,0.9285714285714285,0.9285714285714285,0.9285714285714285,0.9285714285714285,0.9285714285714285,0.9285714285714285,0.9285714285714285,0.9285714285714285,0.9285714285714285,0.9285714285714285,0.9285714285714285,0.9285714285714285,0.9285714285714285,0.9285714285714285,0.9285714285714285,0.9285714285714285,0.9285714285714285,0.9285714285714285,0.9285714285714285,0.9285714285714285,0.9285714285714285,0.9285714285714285,16.5,17.19657046140409,0.17560920568519303,0.05413373247417521,0.09338544349560154,1.2552845843532954,0.3869571620872446,0.6675350939925612,6.477213424631531,0.8823,16.5,17.318719113021782,0.10602490670911503,0.046428782794349276,0.150177106974226,1.3330407535563267,0.5837445325246536,1.8881620372189458,6.564633684919476,1.5541,16.5,17.20414853414406,0.08590953351156375,0.02276610757658767,0.08328021878335959,0.6087643395677813,0.16132312534935317,0.5901327281667533,6.657890465180107,15.463809523809523,127.0,17.882164004890942,0.05436578294627982,0.01908834559383646,0.10577466932844558,8.73495419434599,3.0669258377601842,16.994823608427215,6.129328812279013,63.31717948717949,17.0,18.208402704751297,0.08817510053063611,0.03815771134254758,0.07222363258966093,0.2179157054845829,0.09430286483199703,0.17849329066505498,6.671448299828327,8.511538461538462,16.5,19.82828085463533,0.06577841130584844,0.03850908984226521,0.0898206147411042,0.3806665506188113,0.22285613329219522,0.5198012981641784,6.70571367264677,13.549019607843139,16.5,18.41482420632354,0.16398040137860048,0.0751151384355768,0.22126798284152957,21.507207440027024,9.851889924884174,29.020885220434337,5.959504194267672,16.33607427055703
41,0.9285714285714285,0.9285714285714285,0.9285714285714285,0.9285714285714285,0.9285714285714285,0.9285714285714285,0.9285714285714285,0.9285714285714285,0.9285714285714285,0.9285714285714285,0.9285714285714285,0.9285714285714285,0.9285714285714285,0.9285714285714285,0.9285714285714285,0.9285714285714285,0.9285714285714285,0.9285714285714285,0.9285714285714285,0.9285714285714285,0.9285714285714285,0.9285714285714285,0.9285714285714285,0.9285714285714285,0.9285714285714285,0.9285714285714285,0.9285714285714285,0.9285714285714285,17.0,17.070528380345095,0.20881209038574097,0.05230705750507685,0.09048890239119965,1.6006671419908678,0.4009642740893738,0.693650508956846,6.377079024817669,0.8916666666666666,17.0,17.274988393092354,0.13957070917520642,0.037535543494327854,0.13764290865438408,1.8218920575682167,0.48997177826886346,1.796727433284098,6.527221332386245,1.5405666666666666,17.0,16.92262579078757,0.14341817996907102,0.02783389350408632,0.06884804277028517,1.0526456782869447,0.2042922850735805,0.5053236256120706,6.53752317873679,15.723333333333331,17.0,17.23909608838908,0.09240244140459014,0.025846761075440403,0.11055963704304834,15.272005895465849,4.271877252620022,18.272974209944667,6.1382485780674365,63.37051282051282,17.0,18.141678593126553,0.08916526900008016,0.037903098892647404,0.07426142841165406,0.22311781284883403,0.0948447374180293,0.18582400605132052,6.671973180207646,8.561538461538461,17.0,18.22486524275538,0.10365976202125261,0.045926792399330466,0.06909582034685807,0.6213843281509579,0.2753063337472789,0.4141921519699131,6.652249528315914,13.558333333333334,17.0,17.66439908782035,0.21127021423277495,0.08524232061027369,0.24290412711411308,32.67461406909758,13.183400880287886,37.56704956288821,5.812441775024454,17.79840848806366
42,1.0,1.0,1.0,1.0,1.0,1.0,1.0,1.0,1.0,1.0,1.0,1.0,1.0,1.0,1.0,1.0,1.0,1.0,1.0,1.0,1.0,1.0,1.0,1.0,1.0,1.0,1.0,1.0,16.0,18.681832350140798,0.11591819909881897,0.0530350327109954,0.08506325844294539,0.5858378592153914,0.2680332360955766,0.42990037467385417,6.627027859406633,0.6907,16.0,18.197037714448545,0.07669468130677423,0.044127217358666926,0.15780514141023252,0.893225755873018,0.5139282986535698,1.837879945716043,6.6363674494282465,1.5468,16.0,17.51717695859524,0.08042102708890782,0.027751562400833565,0.08282953627969841,0.5930146339913129,0.20463656353982657,0.6107746806848523,6.685045887270194,16.1047619047619,102.5,18.63028365584347,0.05092006181534384,0.025213461070327896,0.11827212215380839,7.044390121138059,3.4880840625766143,16.362018018117674,6.236111435063924,65.82923076923076,16.0,18.64442964035741,0.0603465146454215,0.03785006732215838,0.08914345538729902,0.15369643389336185,0.09640027107150885,0.22703931251809845,6.716647656964236,9.300769230769232,16.0,20.107934885009854,0.06834197130237954,0.029564225243006084,0.08020876424914261,0.36933875260272336,0.1597731798605234,0.4334701556165499,6.692865709690079,13.093627450980392,16.0,18.602588372985377,0.14179712747283482,0.08075560881710062,0.23945000579289025,10.138299412825921,5.773914860226349,17.12034578130858,6.021508912360735,13.496286472148542
43,1.0,1.0,1.0,1.0,1.0,1.0,1.0,1.0,1.0,1.0,1.0,1.0,1.0,1.0,1.0,1.0,1.0,1.0,1.0,1.0,1.0,1.0,1.0,1.0,1.0,1.0,1.0,1.0,16.5,17.893991318436406,0.1233191046388562,0.04999804644191559,0.08247262397278894,0.6074302116815945,0.24627428185453837,0.4062335968497053,6.615240208535684,0.6582666666666667,16.5,18.01613776540465,0.0817607676427892,0.038450222481438354,0.16581309326049545,0.9121338114783988,0.4289557081632892,1.8498325432742886,6.663991031184471,1.4930333333333334,16.5,17.527956342838987,0.07931007654658696,0.023363290982382556,0.10894097738661987,0.5757401395690416,0.1696024641091829,0.7908414196084835,6.6876731638925575,16.578571428571426,131.5,18.050115401277417,0.04685558375126302,0.018483019918516422,0.12532204652994353,6.473786245519101,2.553700339309545,17.315079146014988,6.27686847951041,66.14153846153846,16.5,19.26005162127035,0.06119082669243226,0.036114398782551606,0.07031446409826721,0.16546895454233532,0.09765862194525404,0.1901406059118299,6.731864985808869,9.246923076923077,16.5,19.47790908776415,0.057337962891510545,0.04490906968645679,0.07998057762024943,0.3065718140273373,0.24011761607414256,0.42763623839214776,6.72441037519893,13.050490196078432,16.5,18.187209196294575,0.1550314606377747,0.058662087396140136,0.24231429125458612,10.772939505950664,4.076354026541536,16.838112666771273,6.021306858801042,13.323342175066314
44,1.0,1.0,1.0,1.0,1.0,1.0,1.0,1.0,1.0,1.0,1.0,1.0,1.0,1.0,1.0,1.0,1.0,1.0,1.0,1.0,1.0,1.0,1.0,1.0,1.0,1.0,1.0,1.0,16.0,17.580829926814495,0.13665112477279748,0.04773156044162529,0.08738896132869434,0.6729835714013419,0.2350698252061405,0.4303757864695291,6.566375463736168,0.6508666666666666,15.0,17.766925360236637,0.08327597278043218,0.0504983183431265,0.14186160302459222,1.0234989402018564,0.6206469114739737,1.74354253097508,6.622962515815136,1.5238666666666667,15.0,17.296256863093983,0.08432795295151367,0.025019436049709794,0.07668452464902022,0.6292619646928149,0.18669704330661127,0.5722260881859921,6.68157844086212,16.478095238095236,119.5,18.101796494198126,0.05678931788896814,0.025787417536620064,0.10325027868788382,8.629162309129061,3.9184096539395656,15.688926128722468,6.184824745878604,65.95743589743589,15.5,18.106885008187902,0.07939706165307857,0.041022490929943,0.09482826753943342,0.2158351661603333,0.11151667280664034,0.25778378261025414,6.691542234242558,9.21,15.5,19.013464813853417,0.07538051426815891,0.043903368751600204,0.07990623138146437,0.4017976047628171,0.2340162915665197,0.4259208455447964,6.704856509837742,13.050490196078433,15.0,18.771597410110598,0.1559500468988773,0.08909171580485264,0.20638540112463963,13.022651310752677,7.439628090369122,17.234269356897222,6.02222119151154,12.971883289124667
