,FSN_E_l,GPeTI_E_l,GPeTA_E_l,D1_V_peak,D1_ada_b,SNR_E_l,FSN->FSN_weight,GPeTA->FSN_weight,GPeTI->FSN_weight,GPeTA->GPeTA_weight,GPeTA->GPeTI_weight,GPeTI->GPeTI_weight,GPeTI->GPeTA_weight,D2->GPeTI_weight,STN->GPeTA_weight,STN->GPeTI_weight,FSN->D2_connectivity,D1->D1_connectivity,D1->D2_connectivity,D2->D1_connectivity,D2->D2_connectivity,D1->D1_weight,D1->D2_weight,D2->D1_weight,D2->D2_weight,GPeTA->D1_weight,D1->SNR_weight,GPeTI->STN_weight,D1_power,D2_power,FSN_power,GPeTI_power,GPeTA_power,STN_power,SNR_power
0,0.6439224962963263,0.5429540120720192,0.6919486546249501,0.5408887575712258,0.6949896916009859,0.5649116457163743,0.5100708372070648,0.6494183817510698,0.6920854278110058,0.5771418498618145,0.6405880088005419,0.6930338183550746,0.5650264528871101,0.6183009013661585,0.5695880770341174,0.6416156886843574,0.6936038036133794,0.6795371739660129,0.5501116746346215,0.5524890116617196,0.6887903883915547,0.6498410758391456,0.500794812340238,0.6772533009906979,0.5001767528089995,0.6957725944983693,0.6261463217094865,0.5569312102855771,1.0272990665388473,0.9788172348843129,0.7826571986720164,0.70072702904584,0.6333855228742871,0.5801000928858433,0.7418719710082428
1,0.6338491692723396,0.5782773511600301,0.6648208457455034,0.5825651477802938,0.6599482699403648,0.5439894622794377,0.5253883617128009,0.6499919113129414,0.513222086388178,0.5579091693846882,0.5389122174219657,0.6158100339458237,0.6587344428597881,0.6915743753068525,0.5320967565160956,0.5039586180566407,0.5568259237123206,0.5274019836163851,0.6791810625981161,0.6284665366492187,0.5538787858729352,0.6958865414744375,0.5298038537865596,0.5871889283486891,0.6720778473522918,0.5175188989169545,0.6959546404582757,0.5046423336002446,0.9753841482870977,0.8460737741212176,0.6519536409751862,0.5550860099555622,0.49716240653938704,0.43929102326717506,0.6783496262905021
2,0.6409017529983048,0.6852895405959177,0.5464799336083825,0.5505382087335594,0.5961605253920795,0.6182298197298361,0.5822150460212338,0.5854483563842915,0.6952268219717191,0.6838555668103977,0.6972564026091268,0.5819841640481022,0.6124581110309104,0.5467300162538693,0.5513039073950253,0.5908921382139998,0.5501058274848383,0.6824444994177328,0.6828517704278974,0.5742327390864922,0.6183955430418668,0.6564133419344984,0.5381019974187417,0.5113714389107448,0.64491837456812,0.5368002290329899,0.6719041037628077,0.5934612669521032,0.8732207747882691,0.730510818831604,0.5053894966249426,0.41059329140544704,0.2958514981120389,0.3437378487646352,0.5767249500868493
3,0.6104006659266306,0.6955345011607049,0.6119146165150354,0.6640067000148125,0.532434695802898,0.5047512010070584,0.5585492231179194,0.586998253608261,0.5920466090678154,0.579993997762411,0.6701224224722875,0.5719057723498048,0.6720989018281023,0.6648492413453573,0.6794307353507467,0.5566222901617296,0.5404184789620482,0.5299647052283184,0.6191383565502871,0.55811297892479,0.6906752103120288,0.6782290223643176,0.6845054362581096,0.69643801989742,0.6961880663925764,0.6408746301013865,0.6225720249100882,0.6333947987953136,0.4685533738728635,0.31395416232983325,0.19225071092168294,0.1486085130506506,0.10993611258867232,0.1418385918062895,0.31974279228701147
4,0.5727340947925017,0.5349461710714674,0.6002797217853275,0.6393020052266086,0.514986936330645,0.6788671616401111,0.657499201932552,0.6220567168678508,0.6033933867546885,0.5814671856265639,0.6005655227250111,0.5380588064409199,0.6621306591257304,0.5760251904209113,0.5287886445431739,0.5177753590523153,0.6782623997196175,0.6432009203262136,0.6482747915071546,0.5931254552637368,0.5952395130831463,0.6272574602332622,0.6276880626129495,0.6589241593560602,0.6352026516637859,0.5682454376997291,0.5832263138496645,0.6338078113015639,0.9938405746745741,0.9517438125462536,0.785418858081788,0.6114124364343321,0.649497490549644,0.5019462925748369,0.7120137754133337
5,0.551385338468516,0.6131497628200201,0.6804090927999891,0.6567056025215955,0.6567667282348325,0.5819353924938471,0.6004040989185683,0.6239498197652869,0.5431899206116271,0.6246011207324984,0.6004598277005387,0.6210752846310509,0.6771159986418196,0.5559902920236319,0.6743360450381187,0.6167422661334137,0.614651057333875,0.513765254295946,0.5343497547524497,0.5749741155931246,0.5768022162006557,0.56150151437332,0.6614349518266374,0.5679161149510704,0.5015141074541473,0.6695967354922495,0.5755641507748456,0.590383775163854,1.0005699198705076,0.9649797523463575,0.8174210937303074,0.7623587784005557,0.656266634117647,0.6759383673187742,0.6957886825077161
6,0.6336558863953323,0.5768892602648308,0.6566242019650599,0.6034719877226675,0.6746492250311007,0.5129427014100838,0.6150359234482545,0.6358834051146327,0.6573092081931975,0.5163371142946703,0.5005044284143382,0.6022998955987869,0.6631373947466441,0.6283953531415619,0.6434276032808522,0.5973690477832577,0.6229198138038919,0.6452639516202546,0.5510264796461776,0.6840640092948737,0.6967930964867938,0.5198888868665846,0.5117304567225166,0.6685167646496846,0.6272970253025042,0.6294235853631291,0.6306170243952373,0.6985054054745142,1.0135671127335992,0.9468392570318077,0.8046460226297008,0.6558564424357413,0.624589909364509,0.5769201851726653,0.6811374196461315
7,0.5221205209598506,0.6559604721213901,0.5766368015299649,0.6316862740387463,0.6378976895101766,0.5602896919789789,0.6688888457504533,0.6066666383408609,0.6667347581923402,0.5073463813782007,0.672797376197715,0.6704456584029538,0.6047882447769755,0.519473265407608,0.5209516258504427,0.6249015721675734,0.5840762724124903,0.6664591672849044,0.526756446251964,0.5711660932384107,0.5302719618595751,0.6468358860167749,0.5497338344468526,0.6672115124786997,0.6774293469016568,0.6698688543716486,0.5826917481133091,0.5283420335303961,0.68847316459423,0.668910384445977,0.5666117227725808,0.51261754542744,0.42011448870356705,0.4612083489198802,0.5061134163534946
8,0.6823065005007442,0.6497977694951429,0.5252745156468902,0.6758066835471603,0.5134582326653069,0.5632779092406467,0.6503370264909755,0.6742059582907636,0.5514447036021253,0.5048198595281198,0.5935561435111043,0.6731361157826676,0.5226574391595,0.5892495750363343,0.5028270648295137,0.6236021144784302,0.611958202988584,0.6805270661428051,0.6641895965370948,0.5489191076303583,0.54160423847863,0.5630029494862658,0.5151550657277477,0.6213864008375669,0.5112925048425732,0.5355827607403308,0.5258535854761277,0.5856899323154416,0.6910286689882965,0.6593129523149172,0.5371074374810905,0.49994725133983975,0.3788656622197036,0.4478017979176775,0.48668754671972914
9,0.5434450081133223,0.6446633407912801,0.5988080649327877,0.6571238553308352,0.6470474515672439,0.5250676002796788,0.5564927001553085,0.523741115985705,0.512625658223871,0.5856066483799063,0.5027173937050574,0.5541258971299077,0.5023423351106668,0.538684429440507,0.5731600410798368,0.6516416990472794,0.551474371152851,0.614455303222025,0.512791966946349,0.5814974452991121,0.6891420012001278,0.5874987615276004,0.5936978112395898,0.5488319396937199,0.6822492166604724,0.5204387434824425,0.6203331646603008,0.6640126224827432,0.9715052970104547,0.8221855360152713,0.6360254192465904,0.5310114278456146,0.4740737337548662,0.4181698937756026,0.6580566282836626
10,0.6041260858543634,0.6855579465479303,0.5526026369557603,0.561127440902487,0.599439826703021,0.6498613141177699,0.5706831135541632,0.6151391406309267,0.6775905983741798,0.5091448073199749,0.6732466716443616,0.6048939896001252,0.5833118998285971,0.5993425811707277,0.5124085571290465,0.6849094163928272,0.6130885428560036,0.5204842281441839,0.6200196738870098,0.5829726154558799,0.5999816704960782,0.6792153820579472,0.5582352464941428,0.6266427220866134,0.5957783068695304,0.579928753210119,0.6619465242251771,0.5427947837280436,0.7389141752929284,0.6719455486867171,0.5319714837426501,0.43404502049274546,0.3508381483732235,0.37721059483454994,0.5275647092059684
11,0.6224043566371223,0.5780955383648273,0.6619356747387859,0.5972892901930699,0.6424990286273339,0.6140581774027827,0.5101195789068547,0.5876203515132279,0.6196247127014872,0.5232090078222955,0.6599183617444111,0.5278847558240769,0.6916104100626606,0.5471598240015791,0.6580653615939138,0.6260066963648264,0.6588442985246598,0.6776942918661849,0.6471922175231068,0.6650534920199782,0.6961711922307361,0.641944213592216,0.5927785717907792,0.6390267403706781,0.579482258100585,0.6854131098889952,0.6809139481095273,0.6110208613081302,0.7984813519023037,0.7530828649419095,0.6172533390994706,0.5149241878487963,0.5311784626269535,0.42369521787643133,0.5937623798512678
12,0.6285258705255313,0.6802253064859544,0.5814043097129548,0.6354255844006904,0.6764425171066957,0.6293189730034091,0.6073084877753968,0.5719802759038785,0.559406722346678,0.6538422672773341,0.6915977183450024,0.5096237380710328,0.5664575554666408,0.6091647347296119,0.6407604435437368,0.5648427986377248,0.6094388532304131,0.556359283898259,0.6515488604325359,0.5775144428041944,0.6184144587330941,0.5053417471273486,0.6092730639385436,0.5615096517169557,0.5689502823715161,0.6907461986998847,0.5708555693998093,0.5065591941523498,0.7046911414749765,0.5409526615729018,0.3269441744103409,0.2740234630228414,0.24459777929626533,0.19674714938205798,0.48858330942040445
13,0.5612690079702941,0.5766154695909818,0.6469716696869899,0.6353596226911555,0.6563669883217111,0.5275668990177727,0.6520972539862037,0.5179682221300523,0.6882958297283972,0.5498346960147361,0.5348732860511125,0.5342389496931592,0.5890275053872728,0.5637122473630926,0.6950579938747837,0.5089490612050138,0.5099127941327035,0.6271990292270591,0.5123436227665596,0.6891285152290163,0.5866917762462408,0.5515702572493065,0.512090399624094,0.5384918621261983,0.5823544210374167,0.5332976591843934,0.5405399072043264,0.5072045844939916,0.7407363494026683,0.6580004454612569,0.47264482318468903,0.38894956856450347,0.2944884571965843,0.29949522632200964,0.5319330951938207
14,0.6120677988035034,0.5255883691072326,0.6543795539357178,0.6922641762643437,0.6821364118565361,0.5035463777925333,0.6892158565218512,0.6618548328285263,0.6703833639260302,0.5148658067188647,0.6219879826217505,0.5057972741753813,0.5511825391350142,0.6808196891140577,0.6005041090534556,0.6023147933992238,0.6156456378698025,0.57656712189576,0.5416660043810467,0.6201457389221726,0.6573734686034413,0.6839054248637881,0.5065739003727681,0.6308472313360278,0.5857926841817344,0.5471671252149947,0.6770467041511266,0.66952378120731,0.6353491442895628,0.5495487838164923,0.3531862884616242,0.27157128765804756,0.2799469840288357,0.2323298894566686,0.4826665077594934
15,0.6539909518571352,0.6371525699736419,0.6007801445075266,0.6567561128170974,0.6998046079045827,0.6267363641399675,0.5168442733643622,0.5377841503441486,0.5716174238583532,0.5746397279458947,0.5174891543135318,0.5342731776230509,0.5687524588265637,0.6397424105791296,0.690031270847366,0.5730399859170895,0.5717471710408842,0.5519785875385206,0.5342433081855551,0.6761977887162536,0.5631032688071315,0.6886245008881792,0.6067703743455659,0.5254793479834639,0.5413596271645265,0.5423469628765888,0.6000848978067747,0.6807802559197,0.9141693223815825,0.8598279498105645,0.6680306932974607,0.553442053329538,0.4659904083017929,0.4675314168598909,0.5965733973263837
16,0.6402654368005314,0.5390627028772996,0.5749474001777972,0.6669772894635628,0.6918344935696062,0.5111457080737806,0.6389612980924467,0.6835118859603977,0.6653132004666992,0.5828384672468586,0.5651049481903216,0.5087523962935546,0.6676370456870505,0.505346574942287,0.5243112183614955,0.5930248783283765,0.5839855978931238,0.5597700180129828,0.5618199967917454,0.6336853307855407,0.5625044971283617,0.5973849992410356,0.5266012291211614,0.5977791270374347,0.5864506943637386,0.6678503720612987,0.6021702978698285,0.5939025124575471,1.0101870244600761,0.9380507521240044,0.7425941898403103,0.6144751921938075,0.5998184187547474,0.512440525071595,0.6932255580864377
17,0.524873830102809,0.6704791682088804,0.6347138385354316,0.6251552449199667,0.5422666807407969,0.6312766477536305,0.5814232114484619,0.5901984863183969,0.6892767722279493,0.6822703792043414,0.5367482765660374,0.6093639209965427,0.5866669424500679,0.6953268039360424,0.5544497664297898,0.6210777870516997,0.5887561414222416,0.5502755587775503,0.5108935470475837,0.6791398264975635,0.6739300184981378,0.5672489435864835,0.5375985173329437,0.6470234272475422,0.5251818147432792,0.5880954623643732,0.6610671178692565,0.6451347650383864,0.9192581571977612,0.8895360606841892,0.6571459965521901,0.5731102759614911,0.5016174287251902,0.4711503847739072,0.6321635795071213
18,0.5015230702358584,0.5188372804475045,0.6809830252367288,0.5105296918749911,0.6204977795774355,0.5120417255482725,0.6702661064781016,0.562957558976388,0.6046086069815969,0.6275667406634943,0.5441008853008626,0.5611117603340238,0.5619246882725458,0.5522285542109321,0.6016119053407026,0.5779819099544129,0.6201471708633918,0.6435156963661047,0.634815292548745,0.5417069863708579,0.6745650706688848,0.6621032563528456,0.6638124223932644,0.6419803255421661,0.500105745443474,0.6136381407446752,0.5389479742216455,0.5104132515158355,1.0746363911439627,1.0028315778273564,0.8282221869043965,0.7103269640752795,0.6813352674595183,0.6104310289613146,0.7122400073878418
19,0.6902722386976827,0.5454817832918935,0.5331858134943571,0.6521795758918867,0.6145155818906969,0.6469450587866974,0.6682203245121248,0.5670422620762955,0.6085734995715735,0.6113797899360126,0.6488549561647751,0.5704431945625957,0.6091304224967617,0.6928667021377278,0.6942988350349457,0.6695755650118286,0.6026346828642817,0.508338613089235,0.6901804373506835,0.666286991973142,0.6741087162431081,0.6181320352785395,0.6326748900958798,0.544852541360834,0.52156791177068,0.551677581541049,0.5293418676264944,0.6131362992797929,0.5477623236406091,0.42712063750501605,0.2545992415486816,0.1986502912391225,0.14879653511782398,0.17118510153499172,0.39439891524956644
20,0.5600928280315963,0.6695550975947874,0.5375434445280936,0.5781006121079589,0.6915183573441999,0.5612452716892444,0.5928927011032149,0.5012884664651694,0.5049762277358258,0.6995767194516185,0.5913306590361778,0.6375521440887323,0.6328528226763475,0.6635306372696764,0.6379650992575256,0.6410843932033463,0.553902433856732,0.6821160166733797,0.6429831369110391,0.5581968731165036,0.5707780355963064,0.5999101392859524,0.6898972388287321,0.6338688159820045,0.5283310031448538,0.5796275971559263,0.5417946419931327,0.5467710119579867,0.8865499573545074,0.8412100596777894,0.6978561595780686,0.6012305406653744,0.48935738308956456,0.5466419799097929,0.5898585891101624
21,0.5573398888736986,0.5577782239069317,0.5907370572156898,0.5608452357659179,0.5842739650319941,0.5951703072786838,0.6421005578954296,0.5354866731397143,0.5860772344444733,0.5772261166222074,0.5011230868398454,0.6968232919999637,0.6319316031988097,0.5791573694506256,0.6760070069373665,0.6980751134504121,0.5745064933818748,0.6555348854076725,0.6188178767945277,0.6898129096562119,0.5040738811501059,0.6475252631004687,0.6701063204436315,0.6896757998407795,0.5739402300221161,0.5431450613226609,0.6024475695528612,0.5531000196473554,0.65455323564301,0.6468742831677916,0.5400820760833207,0.5040244155556469,0.42197587560372746,0.4484825827665822,0.49843800097133784
22,0.6395890108291664,0.5145057377655047,0.567843081903182,0.6533950266852305,0.6470476750797306,0.5492881998493302,0.6495047496793647,0.5415204127305141,0.6319374038291925,0.6231322626264553,0.6203959416418909,0.6242269925675306,0.616942799901997,0.6273119085325818,0.5777068346654933,0.5955238892435981,0.575120425952061,0.5551687954856801,0.6510934105309707,0.6239973444373879,0.6365740743971687,0.5225889129299994,0.6882819255849565,0.5098718543698701,0.5431005104287133,0.6411894391811246,0.5537973441142671,0.5067404161887425,0.8230622903724739,0.6225286262572618,0.4300588681281175,0.35860276259133933,0.23227679427846093,0.3070098944192653,0.5583817712671775
23,0.520041143701005,0.5467819451059159,0.6309413534235244,0.6561316729837018,0.6725321234188941,0.6395685685215747,0.6955165563421555,0.6473800784036144,0.5275601422049463,0.5990105062762732,0.5699735950507367,0.5362403653436146,0.6535516911462136,0.5919709225545897,0.5681457019856515,0.6797555250260662,0.5889564924204833,0.5519553127285147,0.622131762045601,0.6782596938895795,0.5560242689370313,0.6891409276823821,0.6265004187363815,0.6440055813002661,0.6708715434733168,0.548020656746598,0.6034662440052448,0.5656942841521047,1.0690871067568979,1.0260350304964665,0.8350396495275304,0.69508051152963,0.6949835068955411,0.5700990791013301,0.7584880033735069
24,0.585413457564507,0.5139073184460682,0.6271281368925927,0.5942964164612967,0.6916086334808599,0.6236897091061653,0.6116608163772934,0.6587254334504581,0.6998571001210872,0.5524455919509385,0.5149081069139971,0.690661478827064,0.5848707496822246,0.6141812848079904,0.6191555805278155,0.656919068996354,0.6801084018698234,0.6408786174812632,0.530809240713654,0.5378681722215272,0.6345323277155598,0.5351790098412559,0.5105844979425634,0.6960789878189426,0.6381002231742886,0.5758380176245782,0.664840803716123,0.5913597970610193,0.9204456271221234,0.8428698376981008,0.6408798609488896,0.5908549400958658,0.43335457006718775,0.4684464296041262,0.6620529539804196
25,0.6316651666525388,0.5552483925538936,0.5530651340639515,0.6342017199726397,0.5094019127720006,0.6376720546189227,0.5537159402514016,0.6787906276810178,0.6625284202574128,0.6250210294010445,0.5993630321655293,0.5951655623346478,0.5503465046355003,0.5809467364474143,0.6154250263211278,0.6950135238113408,0.5790222239686884,0.6112581395934381,0.5149900829961798,0.5205417328216134,0.6261621346801662,0.5628798434594412,0.6383827070683771,0.6120107576794258,0.600122763099208,0.5498912421063696,0.5607239836136171,0.6575056898864944,0.7433645830085294,0.6208025098424417,0.4235772635276124,0.3356530996103658,0.2769187524856263,0.25298786854148686,0.5194580838348424
26,0.6692412957965689,0.6063295708185314,0.6790097453386941,0.6275554524220937,0.5001660406526445,0.6286545295439985,0.5003555066422787,0.5611271410879844,0.6648534949461736,0.5082675089104151,0.5602070751027577,0.5567976896402441,0.6508446854749765,0.6135195135613207,0.6856378147434236,0.5945704595250555,0.5030564615423463,0.5759309926686629,0.5807848578364382,0.6299361191736732,0.6554148983118918,0.5525969806716375,0.5915196474109361,0.637403710887193,0.6138471700265344,0.6925635926793268,0.5527403290647347,0.6313838247455247,0.747046152042479,0.6183590741724679,0.40680871610949004,0.323288144806619,0.2729770860902821,0.2796786914504087,0.4949589891697152
27,0.6173327570617879,0.6500174255036043,0.5395790025038709,0.6432614530266958,0.6564207202458073,0.5150967850861214,0.6505842182255503,0.5526137422487689,0.6399491160104074,0.6147527267440726,0.5772306105492954,0.6351106267626812,0.5157986804610011,0.6411630470703109,0.5966972180258381,0.5803863070742601,0.6997248620231254,0.6829794081921795,0.5429591852192299,0.5594474371702922,0.6559324725086491,0.5071087005726601,0.6449615374666633,0.6730163703885512,0.5252672215787271,0.5792951427912686,0.6590898516778573,0.6041871227902478,0.9007881114721668,0.8572248022611114,0.6886801980224929,0.5733724125032145,0.4413806707436371,0.5285499599234258,0.6791049422897543
28,0.6219558293839819,0.53405135111812,0.5028282675719853,0.545619912016892,0.648068530375872,0.6362576829057641,0.6228496362374004,0.5613449193415059,0.5467392467707632,0.6513698311285758,0.5985078594189158,0.6140265421788847,0.6826731308495643,0.6482197861000969,0.6897461784278408,0.6215963401545225,0.6281162822688833,0.685584648302939,0.6946721788469937,0.6567868639272835,0.5221694993142318,0.5491496729797023,0.5437623492280161,0.5390908756595132,0.6747975794311879,0.5482719338995752,0.5371469777314031,0.6714339491896538,0.9639511955195602,0.8789699446065501,0.7056467995750147,0.558757492642485,0.4889393011655883,0.4549644123401364,0.651884668683555
29,0.6212551165419162,0.5044484560156487,0.5977472244924226,0.572068205708982,0.5717159816405482,0.5893397027448332,0.514746867949522,0.665660895308728,0.5430044230127399,0.5877599261630642,0.564270664325359,0.5244942746657304,0.58438501330168,0.5694627767628436,0.5771402199301002,0.6784200320944769,0.6296574314674708,0.5617730613958156,0.5933579376176703,0.5398491013803458,0.684224080464597,0.5129913937444045,0.6905101105708369,0.6930138316799357,0.5160451058143917,0.604354222958597,0.6147835591467619,0.6424893712007216,1.0685026316154087,0.9946577316235738,0.808201869146917,0.6652603511631237,0.6511312652490704,0.5761602625175734,0.7306080720525656
30,0.5692308702100537,0.5417826922910116,0.5539669597785492,0.6753528515697601,0.6972927482449506,0.5508217379688153,0.537797073299263,0.5889363246155656,0.6570512551826314,0.5825599294897755,0.6415856601088873,0.5537009194892706,0.6761903458658728,0.5790272926441324,0.5405926241264015,0.5397824213129158,0.536817907696754,0.5988262896497648,0.5916010079897404,0.6635064943266687,0.5478301653904503,0.5912299751794506,0.6746736337061398,0.5411343494120235,0.6951798897190798,0.520895118666184,0.5727506241149525,0.6605506703839809,0.8711074220700356,0.7284554240860353,0.5193737831824604,0.41293201991339795,0.40780425043662044,0.31527198347449276,0.5680064369509421
31,0.5284039384121672,0.6338169784548738,0.5321686930605005,0.5125926424945768,0.6491908952516259,0.6455791716519531,0.5965820035477446,0.5876737414484421,0.5364682084829158,0.5776791397851531,0.6406106731344833,0.6663038536891062,0.5812312244556518,0.5052051059217296,0.6350955465655717,0.6599200409915013,0.6058593941178062,0.5893531574237719,0.5090082631080032,0.6057526263105371,0.6338151298076912,0.5714829723884297,0.6144663616943316,0.6493497539440123,0.5437412862532424,0.6470545264508152,0.5549509968722228,0.5051407091816803,0.7097465514330198,0.6843432009276368,0.5857385077491113,0.536179050762251,0.4347943945479261,0.47112049750141016,0.5185644683906163
32,0.5132403723662837,0.5098871160465315,0.5614826504596011,0.5955368461006088,0.5781498272429412,0.6672749600020604,0.6691970861091328,0.6950683933953284,0.5777906640731354,0.5306169587256346,0.643620792005437,0.5747553066596293,0.546101996283292,0.6848991291320783,0.514009722042696,0.6184711537414165,0.5796370758647903,0.5560211492270193,0.5126248799608529,0.6562248548266143,0.5514779227513651,0.5164112019169117,0.5125173992895332,0.5397631791003412,0.579861074071339,0.5701282279431616,0.5210214867996841,0.5020246997666523,0.7245115701255679,0.6875009430863813,0.5390019076631725,0.45663892481142976,0.4039268677864672,0.370746454176172,0.5125757129856429
33,0.6308684532834202,0.600478272029448,0.5910203236536833,0.5622949013311744,0.510524193382466,0.5043069541258374,0.5988171631376152,0.6067761741683875,0.6184986463205026,0.6127404355509876,0.5793407365181582,0.6293864606255963,0.6965587330043046,0.5707127677253687,0.5951798103585857,0.683888529649092,0.5670811975562502,0.6700369328794057,0.5719894081873127,0.5171644287498779,0.5404554408997284,0.5335452637857053,0.5173323905243995,0.5351834080988995,0.5226388964686774,0.5936481830410106,0.6123567203753615,0.5337167022472261,0.8201882166054283,0.7841518610609913,0.6680721622943161,0.6180016204864591,0.5160537362239607,0.5135990214164989,0.55394155207292
34,0.6653867167085296,0.5313488564073213,0.6966803854000166,0.519904060466258,0.5497442036134068,0.5750669742611124,0.6346644005753745,0.5688307903993503,0.5423580439544274,0.6674130048379409,0.6878647737281207,0.5589233283104095,0.5711052958599928,0.608672295191068,0.6501154994398192,0.6067605282910864,0.6786338900840024,0.5911766929352683,0.6850803128007114,0.6821953478138804,0.6243260937257696,0.5701294793274494,0.5370359700372676,0.5231019486481571,0.611652947245266,0.5857301615723957,0.6461482805886939,0.5176376780907488,0.7905707034962984,0.7557102253764133,0.6365828514633273,0.5308820350069943,0.518976789278965,0.44512242885430187,0.5682880455896907
35,0.5877849502596971,0.61645400341473,0.5903812720396799,0.5168352999378045,0.5111448634861744,0.6068325534193216,0.6320685716894388,0.6680102728463209,0.5837880175411123,0.5023862242546973,0.57844107760078,0.6730380673515695,0.5889507276714687,0.5580219949041628,0.6305686420967948,0.5141993960974884,0.5755198773485916,0.5491101353550334,0.5887549265451938,0.5071138175320397,0.6690253727313137,0.6345292428854912,0.6860184156062344,0.5847030980299129,0.6958020325308876,0.5660079206452227,0.6482511967893037,0.6822996113523047,0.9091777617962582,0.7624846533023536,0.6108885483597543,0.4962553271492176,0.38124803434370774,0.404874527245707,0.5781205388359753
36,0.575454171410597,0.59080077869314,0.5910193190686033,0.5553541671038486,0.5875674144879751,0.6780658828929006,0.586348030805016,0.5901358166506494,0.6602197320377131,0.5150800660887983,0.6103414368430603,0.6556441988883314,0.5550985933865041,0.6096181452592462,0.6040704460481706,0.687532171649822,0.586497846098779,0.5724174477026156,0.5605579703637701,0.536364836788599,0.6533594931547806,0.6591237803711923,0.656022963387947,0.5848767140647352,0.5949119108248803,0.5856325893593136,0.6297133872703085,0.6652753455982222,0.7970713039009228,0.6789707870160329,0.4725162802801752,0.4217626258102691,0.3094642242444967,0.3371110864164985,0.5194719848941669
37,0.585921393037732,0.6174473196757233,0.5592440763542319,0.6297669780766901,0.6334624490225498,0.6325502813007587,0.636222187984934,0.5274239556071402,0.5485261424723321,0.6902498008990564,0.6738173574775314,0.5030779719374657,0.5162470502039933,0.5978478778753977,0.5941667514832314,0.5009443463392576,0.5101841981243452,0.6871188607067704,0.5748077356784642,0.602685870929971,0.5838010590098135,0.6459951634882475,0.6667331304593394,0.5228667417119855,0.5215663022528446,0.6642063696834518,0.6721872523905805,0.5378053597754704,0.7497818972583624,0.6770113392048046,0.4756874154209827,0.37416515144304063,0.31122287753539973,0.31005193717323365,0.525719960798432
38,0.5616788269080487,0.5639893089955305,0.6042690595323269,0.6276919496276206,0.691320666672112,0.6836964928929945,0.6269868240565705,0.5376404992985332,0.5409961384205699,0.6121887519810804,0.6983881958713059,0.5844616534965518,0.5062398296763102,0.5710680686920316,0.5727393623401521,0.695654777595122,0.5559169594489728,0.5774928693204863,0.6335911523349723,0.5812362518632378,0.5555155927052077,0.5735794756703704,0.5405096514382068,0.5679310211682876,0.6886224760384684,0.5511051700484041,0.6920769684998528,0.5808773443399049,1.0189149197270686,0.9148065164333251,0.7330452161883191,0.624262636992228,0.519041740921151,0.49879390198626256,0.708043976855226
39,0.673356161776188,0.5533722859228244,0.5540383095920625,0.5168195061370289,0.6498160184261281,0.6985677789350637,0.5046264295477867,0.5836688071076673,0.6030739373138584,0.5078320304262145,0.697458333611652,0.5924891538350557,0.5437388825756427,0.6043956972439581,0.5037536935199621,0.6793356715976501,0.6314938693988763,0.5483317703603433,0.6116005366306303,0.6529167238906973,0.5171915025666597,0.5172663955535088,0.6134404804006881,0.6516003457923331,0.6702140474225833,0.6050962252544598,0.6681686471960127,0.5219234841156744,0.900634358007999,0.844688347210095,0.6369374620500656,0.5619297528343727,0.424827368439814,0.47209579521259193,0.6602174476726442
40,0.565350296596058,0.683881950129415,0.5559683181685324,0.6858193978510478,0.6278600190888166,0.5614941535222406,0.5587630672886646,0.5755048055231625,0.5214179758764306,0.6883465445931279,0.5676129588636121,0.5993562122104289,0.6831332536328782,0.6339082898780727,0.525063063852961,0.6833436008663905,0.6050056412149744,0.6484487175212706,0.6995037451647066,0.507688669625249,0.6855483674978797,0.6742905467718878,0.5499775986858715,0.6253334366406009,0.5528115965539101,0.5280019918409741,0.6874429687709046,0.6353525755865447,1.0600109701255966,0.9962104260108267,0.8362687542131788,0.7467361231912433,0.677049187966502,0.6093515639817888,0.72054714694714
41,0.6741470366121435,0.518883628972994,0.62353296412496,0.5759825338694142,0.6984377307781836,0.586528114334297,0.5985047706556836,0.6848874088854703,0.6147384124534054,0.5630476952873873,0.6141204056571947,0.5691224068799522,0.563939182735499,0.5743770211857688,0.5324598420273894,0.6543358006997572,0.646406975131695,0.6017215173343026,0.5081461008939345,0.6590887340631102,0.6840501897210263,0.626601183018508,0.6729618414590657,0.6749636972310191,0.5576844155386728,0.5761442518948072,0.550655439640704,0.5501432991664551,0.9166604560042592,0.8577199352427874,0.6189060724680571,0.5171511994492258,0.5014538709566853,0.3888223023296472,0.6467275059166346
42,0.6153874117421512,0.5837280784148541,0.5668048483581237,0.5423473300705733,0.6019415162669435,0.5809613658499033,0.5745797263483664,0.5229978171393357,0.5726769852960996,0.6211349874575499,0.5075538339048238,0.6135937487560308,0.6301196607200478,0.6260888297803202,0.5782965456795134,0.6803338676183874,0.6832045587889953,0.6721864451745432,0.5798192009613257,0.5589240058118372,0.6962967480295228,0.5479124776275277,0.5505716794519003,0.5644271127124577,0.5300115652369504,0.5056956969423957,0.6747888514316058,0.5418768786869044,1.0885346764368526,1.017897497564818,0.8609483597891496,0.7309577834027507,0.6441423287260749,0.6012260848971468,0.7570529981867387
43,0.6507615596105157,0.5586288496896619,0.6960804272935619,0.5483923752141918,0.5425729926075605,0.6563156952149583,0.608739541185395,0.6730585210582982,0.5054829249081978,0.5137885885795903,0.5722337247014286,0.5788608043569295,0.6803308148565952,0.5690625848497501,0.6346042565159151,0.6255166325410796,0.6748994530381491,0.6719670264057997,0.6202391552036203,0.5491435593365228,0.6816590673385645,0.5432948530468056,0.6504499356175426,0.529531324058586,0.583491895411557,0.6099526488403801,0.5012134581393037,0.5217060811997399,0.854199298729851,0.7998888083694523,0.6914051493852826,0.6250789741752001,0.5849544651890103,0.5360434650420334,0.6087833317569965
44,0.5156727484037484,0.5555482912008091,0.674829923574834,0.6870300587883296,0.5819157028739294,0.5651539221261531,0.517054986760943,0.6477266797881577,0.5574084996707775,0.6406152714988006,0.6930505939447257,0.6365438256193093,0.6874327769762836,0.6870464154314995,0.5322832221695329,0.540412086004063,0.6664576113034482,0.6913667675437,0.6613211930573569,0.5633297368117534,0.5206512504272215,0.6490836722285386,0.5767709696872507,0.5274199880944538,0.5777190601469637,0.6445520215721962,0.5879644166705822,0.6774250376087336,1.0027967308455616,0.9838369230997247,0.8399565287240058,0.7889961979256057,0.7017867862407999,0.6725747313260656,0.6777832010260558
45,0.5229260361593674,0.5144349856229538,0.5662373539068858,0.5361783734117587,0.5795140362824647,0.6635969789710529,0.6867275629037105,0.6662456827712883,0.6706831857958151,0.5610672302493518,0.6887509055317164,0.6289089259982715,0.560495211089082,0.549713799498909,0.6927979993975797,0.593540133724499,0.6430183626636325,0.599351883855489,0.5040059415619134,0.569865783488432,0.6914085699876164,0.6952153990196355,0.6211489514220141,0.5780301913786414,0.5736128899708463,0.5241993384330579,0.6727419432094598,0.6740767824581694,0.7697568771834147,0.6565633542119264,0.47213509711433344,0.41551343888590453,0.29972911740408326,0.3320142027413116,0.5796751513220837
46,0.6224939905089258,0.5804834458562261,0.6801737093893971,0.6786485131780756,0.614836039635696,0.5114523049443529,0.5344041173681449,0.5886691279968559,0.6901936068610504,0.626448973046371,0.6127715671528082,0.6716588137581117,0.5196000131955861,0.6794604472026584,0.693665372380144,0.5680690983961946,0.5892045553703135,0.5245824690397334,0.5811108303772242,0.6553030119142716,0.6487712315924546,0.5042340175972871,0.6400971565483523,0.5295452483198737,0.6236899335718945,0.6245938049431358,0.5571878189363613,0.6238547221071986,0.5575607029763692,0.44355673072556245,0.27796659352711045,0.24307358957001682,0.1642626078647113,0.1931264601286173,0.3923496715950985
47,0.5158706046734238,0.5685512707381317,0.685775096035951,0.5525811500233474,0.5657705168592484,0.685993134793698,0.5801402316810917,0.6352299080678345,0.5292700037643352,0.6296175181457767,0.6375859411637952,0.6276456767465578,0.582193642540593,0.5353034535807888,0.517443924255917,0.519559055811591,0.6979669314113569,0.6656002079503194,0.5885389115054628,0.5920637890534899,0.5511387359737583,0.6974488399940221,0.5884985553536116,0.6602574734334332,0.5881388297086277,0.6276086924799075,0.6159627580697824,0.5801419419500246,1.0871894471514478,1.0949652800437297,0.9157847782996961,0.8913608694017292,0.77768815194138,0.7672494238635112,0.8206695575981514
48,0.629421192066022,0.5144331852591069,0.6680198490320151,0.5076748076863931,0.5329294634268601,0.5485204996006587,0.6706002166671693,0.6983049272026312,0.5305158110609826,0.5589335036317888,0.5965008509596169,0.622470462839456,0.5816159304647318,0.5520866046575434,0.5674676619065563,0.6273935689407026,0.5289626141282484,0.6826529065197563,0.6354896762646145,0.5919110281677445,0.6008322807320492,0.523554691359178,0.5402216223784511,0.5763210830070816,0.6587297007097648,0.6937107448576805,0.6938508712181213,0.5782212571719489,1.024671799045444,0.936546925461147,0.7823372775488192,0.6818166512166528,0.6362485175281551,0.5633590727995054,0.6716241752741952
49,0.5846802220478843,0.5691138531053714,0.6670144415874442,0.5707289898106884,0.5791400217665774,0.60778698197973,0.5986803641522286,0.6980672961662431,0.6645264397170348,0.5259697827583122,0.5038311274044469,0.5059415367203632,0.6810475978564335,0.6673657876511636,0.6061025849276526,0.6640633986218784,0.6632855468704143,0.6975133840366373,0.5925352227665532,0.6821756185632402,0.5752407170377257,0.680614714121264,0.5483951798515996,0.6660709861779734,0.6572688374906589,0.5494817424949784,0.5889002479895344,0.5246898817020519,0.9148008230689156,0.8939694814711004,0.7207341614297459,0.5602860326877319,0.6023639832191711,0.5018880403696505,0.6828737263281106
50,0.5842895256456692,0.6499552503095448,0.6948908714711902,0.5491772585364801,0.599195976482332,0.5124683835099441,0.6026152294547189,0.6183577574005761,0.5973633314299157,0.6843302882302033,0.525502028399833,0.528954592246205,0.5270852265821996,0.5477011208040672,0.6404458075712138,0.6586369480979715,0.5500291998455173,0.6253379834000442,0.5704198180829225,0.676595987644988,0.6099288356695188,0.6713191584598258,0.5985742754378093,0.5814444748312432,0.5578605507201241,0.5030581969568603,0.6885540639452985,0.6176794504468458,1.0011520505834417,0.963771820493489,0.8008089931559177,0.62008504097962,0.6345343079221483,0.5452158309440471,0.6720411213798098
51,0.5190523869578344,0.5683551847078683,0.5864074632875836,0.5123491790382793,0.5650550371843894,0.6060500872792337,0.543557730158953,0.683907564994441,0.5810898628824831,0.5196060546821454,0.5641125877077359,0.5977143067520503,0.537863290924976,0.6736295848014094,0.5213957469168573,0.6940968799476123,0.6907387637051904,0.671910224293367,0.6981248836977001,0.5645399616720292,0.5022572681726835,0.6356373241341684,0.5543187484844224,0.6186594934761637,0.542232285447599,0.5361326272414471,0.5191679685046096,0.5099919695867667,1.0178481998286515,1.0198146944320092,0.8449163014778424,0.758135049384929,0.677549479308961,0.6546252013159459,0.7377170017022072
52,0.590475862689771,0.6884447323499898,0.6391927186029089,0.5866809661075971,0.5693791916451012,0.5190612308043546,0.6416502272181975,0.6232357590599448,0.6964288080149612,0.6421532775416995,0.611236320512772,0.5351704309534008,0.6054231212814406,0.6858026336265135,0.5236179377527164,0.565292993637682,0.5682630217875838,0.5556234437549934,0.5394107590298323,0.6097467975346363,0.6331710197077246,0.512593267660469,0.5152331863636743,0.5156250565489677,0.6922773682008811,0.6848114725239584,0.52685430483551,0.5036172316619211,0.5587098520227588,0.4075363469676939,0.25358210843524703,0.19336238360060676,0.1557992256947382,0.1767442213844563,0.38059020720246056
53,0.5968718550210962,0.6149050365925309,0.533955100203428,0.5169801813336772,0.6553538485961662,0.6926831227122746,0.5052320949964395,0.5771977815428869,0.5223772493904815,0.5811715739165191,0.5221642969558767,0.5594890631418418,0.5765979238240042,0.6768625253219019,0.5659757515359453,0.5871886526819016,0.5538561827602146,0.635758985225449,0.5608547960666527,0.5119859837639058,0.5993210517145448,0.5215229301380433,0.5322652109215439,0.6747767257169376,0.6472411249862023,0.609948409748476,0.6713611572221442,0.6594748189730006,0.7629231209482957,0.6446394407502927,0.43541332211785766,0.35862496417924333,0.2918167563005686,0.2649024432622257,0.5298923216783107
54,0.5535347870386146,0.5709751906751613,0.5343977553824385,0.5553747522740614,0.6346918188963754,0.5479764540581152,0.6049085833925512,0.5918476745579461,0.5645144862979202,0.6848985329477423,0.6275606456076697,0.5894776771786355,0.6926678519746978,0.5546627916320137,0.6465840107907971,0.6441586972687272,0.6887014063311101,0.594238365854678,0.6005230633566151,0.5232482308640002,0.6968044465154398,0.5275088494812458,0.5653378987362196,0.516312881389934,0.6891938079536224,0.695339908955914,0.6125511052143471,0.6275464612993463,0.8564677998509795,0.7291271551773777,0.608004592272161,0.5124417088875537,0.43683987882728414,0.4206154986693625,0.5901598038865253
55,0.5914525926119089,0.5259792802973174,0.5724127722485476,0.5528795397037173,0.6901862988186392,0.5283824955442559,0.6197872174708945,0.6974912986443167,0.5599157983161283,0.5616964834695181,0.5412305293577371,0.6268469935858118,0.6360956900666944,0.6970470985346157,0.5811988944509906,0.5025752351427275,0.6253265335183051,0.5260957533625303,0.5487192190788612,0.5735235606489006,0.6639342265978662,0.5617945103526355,0.6556668337573902,0.6154872473127937,0.6435835921188545,0.5519016576634191,0.5587153171591771,0.5396883962017641,0.7552363220963946,0.6205869941964145,0.4422224847668947,0.3673547624807033,0.31610382982643365,0.3013266093827331,0.5237742833671293
56,0.5349384424258775,0.5071267757667381,0.6577819108644695,0.6606228861422916,0.6628255249387253,0.6506751752749163,0.6855866047576753,0.5013243352156407,0.6947345131356805,0.569338979146534,0.682293996313612,0.5259764762330881,0.5757984717636482,0.5142036759439087,0.543797934878827,0.658834500218519,0.5250407971273257,0.6205727122010097,0.5124078628885829,0.5189836300325645,0.6439822707526738,0.574425735523929,0.6232408956239088,0.5013767902724002,0.5735316070058666,0.5555016651405013,0.5873545351078202,0.5026075630988183,0.9958180799813371,0.8731521362098199,0.6768537657625726,0.545305087747207,0.48164657449112325,0.45437445344557775,0.6431416017015296
57,0.6151289327951067,0.664064450945861,0.5475642764076585,0.6360653473128354,0.6623445459777078,0.5461044418142653,0.5781230315979788,0.5556369245296175,0.6870042506454358,0.6657346826405004,0.5701283373531268,0.6200361297810418,0.5458419638904798,0.5517561793106517,0.5628662849961533,0.6945229595614696,0.6229974408993968,0.6746125127118185,0.6860917682272668,0.5114343219595057,0.6226304914536599,0.6417013172823245,0.6598859295023174,0.5101010611299495,0.5552509995164293,0.6003488943529681,0.5887560574499652,0.5929241384904365,0.8739030958100894,0.6870394679768781,0.48835735500646343,0.4082743702786031,0.26289830404884096,0.31314501411122747,0.6070727089117125
58,0.6736393540674502,0.652809150556131,0.6467868998738703,0.5044194604073662,0.5181669281526788,0.6403310955605788,0.5700366681936421,0.5650199742900893,0.5456123727087727,0.6474456310696449,0.6282804127309425,0.5685815579788752,0.5759393751402901,0.604552013795838,0.6337039911728467,0.6233141496365527,0.6490305956270794,0.5037507416191126,0.6222118408745773,0.6302812377186839,0.62322914549127,0.6537855852411619,0.6189479640702066,0.5052427215125495,0.5020241019809357,0.6421496391292162,0.5098128077605514,0.6240521528614633,0.9562465523624143,0.904342089732431,0.7427369198469606,0.6702920784254388,0.5879905906612668,0.5688313824640894,0.6711616074157402
59,0.5028615750101877,0.5146346016415521,0.5245425644148203,0.5475339810031983,0.5138104193274922,0.6556452787111582,0.6379554102996678,0.6502781446719982,0.5263429277523544,0.645183026299986,0.6567147859914197,0.6936335485665516,0.520838443113744,0.6466653273663608,0.6704495099626925,0.6724332208552887,0.503680030412494,0.6646990411564973,0.5134787952995484,0.5202714139132945,0.6683706510862307,0.6247250897523661,0.5154905102835143,0.5415151535146037,0.6528151022088069,0.5998573866232022,0.5241155159780573,0.6052693565340032,0.7829187745177463,0.5824218507789787,0.3984037131450971,0.36953747689490124,0.16355115996236436,0.2854647065217551,0.5290787933511077
60,0.6507503692516273,0.5027296727017211,0.685071219955395,0.6313375435182201,0.5789907693463987,0.6254965491665484,0.6510288492827011,0.5599733075423069,0.608837286471419,0.6816996723836561,0.5277095637034457,0.5433625319867833,0.5467325177439142,0.6392668444211618,0.6221292891404935,0.5132296325657877,0.5899755354772623,0.5768144673747576,0.5171240440160725,0.590346823949455,0.6833423720256827,0.6328283449369297,0.5630474825543965,0.6676834136569633,0.597510244169764,0.6873900621477811,0.5700206096344406,0.5666710473411134,0.9571860697401059,0.884471431805498,0.6573232606782995,0.5367458731970071,0.46918342635403926,0.44320392557152793,0.6376910422725232
61,0.5092036442192986,0.5790156669420091,0.5076977861372274,0.6492613198133699,0.5416523683550125,0.6134436889118513,0.6737199905535052,0.6408928505159062,0.570657441958319,0.5786627044551252,0.5051580717125214,0.5841314431049343,0.5547712675221054,0.5375121817504196,0.6899542846271194,0.6546208000674135,0.5070287265045744,0.5420102267304091,0.6751937457392905,0.6044599702223831,0.6084406527495106,0.6356601314753791,0.6517504723363858,0.6719315329376513,0.6598192109112287,0.558915379399314,0.6849217145945238,0.6696881768420634,0.6697849565416691,0.5596871387389972,0.37795646740372335,0.312778635791573,0.23417818206035776,0.2789535746693649,0.4705209701131762
62,0.6439088061270547,0.565572103470598,0.5057452760841449,0.6893916764864443,0.5200685620031851,0.5091045113342285,0.6110265562292061,0.6862447649758675,0.6696864135217284,0.5024512440491423,0.5857314654261837,0.5759905921964062,0.5242255280734047,0.5411365807812086,0.524035025897535,0.5341851331383611,0.6386187709176,0.5474755928618472,0.6082557601404742,0.6952177304628059,0.6662290368189137,0.5281849924532408,0.5725477518012796,0.656866912507286,0.5155407338202795,0.6088182343412073,0.6852305475012972,0.6270090586528658,0.7464160937888545,0.7078334746978141,0.49954895621900763,0.4064604356181525,0.3251174346082421,0.32276055139449117,0.5305726302631755
63,0.6834345017667868,0.6704636925435413,0.5636493549453321,0.6701119367856976,0.5953598226890665,0.5465299098466936,0.6223090330203265,0.5115688331902042,0.516987053338025,0.6792449729877108,0.6386149587058312,0.6204407919767926,0.6282055911928278,0.5716139931836791,0.5830061394671937,0.6964678994874485,0.6215705470814633,0.5072104203691431,0.5266023348973167,0.616803804246946,0.6165384595837978,0.6923794832839716,0.6838729357121278,0.5295920926214094,0.6829937432236765,0.5290344874574049,0.552596734088429,0.5868201970025704,0.9877137100968469,0.8971073514289188,0.7325634414084513,0.589012127876387,0.5224523186329634,0.4986396025881889,0.6742828038139058
64,0.6793774353516293,0.635187281838493,0.6871953366100078,0.5584760852485146,0.694829634343997,0.6105081788089736,0.6256990643600632,0.5173927553698584,0.6858044431810862,0.6255704430921478,0.5921010438705231,0.5250640780063441,0.583477692871155,0.624073403799593,0.669167911080994,0.6941982344491399,0.5515760838741836,0.5927403484683359,0.5307343502020064,0.5088301338617068,0.6925618086630247,0.6508101189100756,0.5980979723795863,0.5999648956571775,0.6857816942526559,0.6245134729604239,0.6168076207168971,0.5481856812247587,0.44836676854801316,0.2679788315086972,0.13940135463454267,0.10568154098764677,0.11983040682864479,0.12340369136185464,0.2737458973114986
65,0.6961955380086247,0.5377962318572688,0.5347736419022704,0.6977338018902028,0.6288189723388915,0.60773648094745,0.6842626337157965,0.5882326669276391,0.6382561279091492,0.679618944693814,0.5837608943491785,0.5215330359797796,0.6194918417372908,0.5539613474477618,0.5397007392110313,0.5548661540520237,0.6794559379485267,0.6073672131427958,0.6103724699654048,0.6527813631959996,0.530726376734359,0.5895307737367399,0.6314000142510565,0.6418969509480045,0.5814056793141218,0.6066478123801423,0.5111271617611426,0.5939358617061404,0.9040758206654341,0.9005184318606012,0.7464955200054236,0.5871340722172759,0.5557624002089406,0.5437023874036121,0.6657616987129068
66,0.5168277081095237,0.6306273339986718,0.5845538982048204,0.523998787494139,0.6119295554239703,0.6998069928393078,0.6475157985229529,0.5230378707743837,0.5729546593594713,0.6438962614509554,0.604732710164275,0.5884996441172198,0.6650551511739089,0.6059455953503821,0.6890469428499606,0.6129793772866564,0.635224104366839,0.674974632034846,0.6530147726223284,0.6440999405989964,0.6191860466762447,0.6243883171066833,0.6002633353854278,0.687289510745699,0.5861971010954348,0.6253842468931138,0.5680270695852178,0.6534138703410604,0.979483327494279,0.9413068709659964,0.7834815890734196,0.6582807635398426,0.6033248045701342,0.549048488680597,0.7113196663608111
67,0.6966634514040888,0.6142831112834162,0.6050263211587562,0.6518171373085041,0.5349144081567742,0.6416274738622859,0.5850938966010749,0.6516612577825738,0.6002481676305665,0.6985369069648285,0.5675213163849685,0.6805679287940677,0.5168355169109395,0.6589336639490195,0.6228884522273013,0.5704348459208921,0.6109152851404884,0.5806744855924626,0.5385647166401967,0.6082165646038153,0.5932121053615671,0.6356873016201909,0.6498274294526771,0.644383813296129,0.6067909476451259,0.5957055003260252,0.5077768187605269,0.6599582139056845,1.0130219717440239,0.9516624060100833,0.761633150816823,0.696929389072689,0.48099511143416734,0.5375400099129192,0.7000991326367235
68,0.5888588320532856,0.6741197707096348,0.5103171523427859,0.6204314538784338,0.5887460659737992,0.5931480598656269,0.6118717252162649,0.5898134258808918,0.6447464180089042,0.5068901912812833,0.6332651008792343,0.6424624891207111,0.5292153762818385,0.6761904306843123,0.555452280471587,0.6378435203676268,0.5720708698622149,0.683257220695184,0.6832691627096292,0.6523551048177321,0.543804693906734,0.5246479833660193,0.610825597588644,0.6860064985870962,0.6682316450570559,0.6400696024223765,0.5989854924725199,0.5155836076096436,0.63227151236577,0.5750604113936365,0.3684635590858411,0.32577379246666427,0.17216921127536863,0.25337508983100704,0.48211308396218183
69,0.5059985166303057,0.6982038415647092,0.6481946345159593,0.6392426756078758,0.6199991082771033,0.5490940745577805,0.5882603275684898,0.6474863624430536,0.6624207872840601,0.6917671082293413,0.6189892012978664,0.6192880492495403,0.6100266539123368,0.5065116176075399,0.5237685109048231,0.6684701652420673,0.6992327263336617,0.617564199734913,0.6429604468683997,0.686261204110718,0.6814759642926871,0.5395203925560479,0.562039538802642,0.5786523877669159,0.5485437330535605,0.5134222296993981,0.5660039051439635,0.6177934341723362,1.0720891041962077,1.0371967737536807,0.8928893321197038,0.8024376644076558,0.745746844236371,0.6607312670950438,0.7760260151460158
70,0.5058056046415179,0.5338884455235647,0.6584935214065802,0.6562737706451222,0.5544916178353366,0.6762567551352312,0.5954576233259307,0.5206172949108077,0.5273979970643209,0.5613271144353217,0.5744510673253519,0.6561166022363727,0.6786647261666219,0.5853377469481985,0.6853922555146097,0.5392584276724302,0.5665058707366853,0.5301034146911633,0.6140341231650461,0.6911756312047843,0.6411621693269836,0.5546142054125791,0.5581943029109058,0.509281228374916,0.6857291215159325,0.556383447664277,0.5344513275341298,0.6606297891718751,0.7884019758546358,0.7083363638696589,0.5858539344927199,0.5282014864528377,0.47601823323375264,0.43816450467674295,0.5508401997628024
71,0.6026347608707601,0.6822529149794714,0.6525665023400772,0.6458134460180728,0.6378534900281018,0.6819128378296918,0.5630488081649119,0.5533608697032741,0.6690729031175033,0.55950185919171,0.5028097147220136,0.6539452382412965,0.5472334364471072,0.5939896290008261,0.6785643446296166,0.69097640093489,0.6167281204397332,0.6446855787193272,0.6763778671878556,0.6069519724391881,0.5954917852927996,0.6579095917435016,0.5975119851718871,0.6758143503052759,0.5500184836301178,0.6251581564164981,0.6108879828816278,0.6303545738980331,0.9777574951488084,0.9432944466598955,0.7314199090391883,0.6096736566360397,0.4955651758354642,0.49573504214916503,0.7268957254668084
72,0.6131478619612659,0.6703966357581402,0.5725003908865678,0.5635368152022294,0.5011834464887561,0.6091242845063307,0.5345692625238571,0.5532230196262483,0.6493272501769679,0.6910740764417336,0.6083160059464627,0.5232464439872393,0.6568810081735135,0.6177746431407298,0.6594775861085518,0.6634736140283953,0.5969023075471382,0.5043301560579021,0.648746704044402,0.6444466811074299,0.5202060388651193,0.6716742510918629,0.5403836537737813,0.6055427614190421,0.608708389420248,0.5768782207763221,0.639024930062787,0.6732625263702751,0.8821098795123349,0.8480997303145887,0.6641552714119119,0.5372051743438796,0.5169544461943923,0.46528252026885214,0.601801775045936
73,0.6840068908344644,0.6757527241601365,0.6074719422106287,0.6482532506679947,0.6245038297735702,0.5921125305529527,0.6820874459293622,0.6612796873989912,0.5511231399220222,0.6010669225214783,0.5767188045406215,0.6757507594169274,0.6661385508636751,0.5731475306527261,0.677161066575715,0.5057136811955798,0.5765293665733012,0.6334460090684357,0.5593583882130476,0.5851483675313299,0.5540675062651064,0.5114586810506374,0.6730759918695517,0.6466417529240196,0.656672504597381,0.647704607717776,0.5294204049748449,0.6690178396700152,0.8419798750653571,0.7799845114090219,0.6177443859034953,0.5343772870985569,0.4435452301442324,0.48798006352263745,0.5584520502930501
74,0.5958749278746853,0.6814090381324116,0.6709839522012704,0.6031196706485518,0.6023890955746796,0.5573078760383933,0.678160423692056,0.6353477625021913,0.5671976941642648,0.5110775371795648,0.6632729462803745,0.585785288355009,0.603762265481276,0.523174442404119,0.535923634454929,0.6912617992570582,0.6785216398098419,0.5457038721331519,0.6303083567095488,0.5116931871636248,0.5176746472202365,0.5236682873379062,0.6526463442699183,0.6344091778611528,0.6644653230833834,0.566035269921652,0.6371931165458693,0.5410770403381968,1.1028701113949935,1.038785442800879,0.8944780029728606,0.8115876957172479,0.7494296576671665,0.6740613061191205,0.7375157825878264
75,0.641672051474351,0.5211071685487328,0.6805631303510415,0.5373284158058828,0.6830346805577129,0.5801279028671007,0.6605757298005721,0.5838233804692469,0.6418995576029196,0.6534618853196896,0.5596592123845864,0.6187660605657072,0.6924991209287444,0.6986026122748473,0.6691479613727472,0.5041222355976487,0.6056136964376505,0.6596684469912382,0.5054627851115799,0.6843050533815351,0.6266383666508569,0.5998498536902045,0.5125136148829365,0.5032518968811923,0.5615731279234566,0.5112706923314169,0.581877069490543,0.5308474237796194,1.0170682871847896,0.955983763173598,0.7564235974232241,0.6276813782375409,0.5422281189418404,0.5454773351028162,0.6726520951368344
76,0.6835208779983937,0.6509414861748696,0.5217341725364589,0.6702042478386905,0.6213834876662366,0.5374765372507205,0.6948494416188287,0.6866620245402089,0.6959173805256786,0.522884378924068,0.5873386204798423,0.515237700134817,0.6973917554773981,0.6529464914133344,0.6322926992592973,0.6243985058597009,0.5785661226198733,0.5267945978428731,0.6573045939447594,0.6270531364539778,0.6624580446219239,0.6904161520760741,0.5187376223062317,0.561451729421609,0.6033516548274146,0.5710499552569901,0.647818654913189,0.5887130181158978,0.41995594451374435,0.2855944476210726,0.1577450949234678,0.10855606239609446,0.09273601169835596,0.1270791179486118,0.2780571158060476
77,0.6905245797497985,0.5271534087840416,0.5525318177300844,0.6206433536689959,0.6110751291660591,0.5544120737477637,0.6172991170314429,0.53447854708743,0.6647124944998342,0.6519365168771751,0.6833212407570595,0.603126087134191,0.5724159516371262,0.5036115641436338,0.6607825826979694,0.5326954892555205,0.60709899296637,0.5611324465954958,0.5681640368874777,0.6556838881995192,0.6682996838259772,0.6972566136352824,0.6008564988292793,0.576468274774083,0.5653795390572648,0.617493116098685,0.6266095073632413,0.5022221312976255,0.5719586763630157,0.5214036327017667,0.36152131128732423,0.3456914005438138,0.2030367956295968,0.28035569900875157,0.4740616460468142
78,0.52756195266939,0.6466298214030692,0.586327660419583,0.6801332052814277,0.5104685957216707,0.5523885460530411,0.659443914997923,0.6360941583514292,0.5617515249873299,0.545807552306102,0.5742458152489207,0.6964891398164447,0.6298023213176468,0.6102180544514164,0.6160842363528689,0.5114815727684094,0.6053036148908592,0.6913200571527653,0.6033115627301747,0.5835244483014941,0.5732079587496783,0.5006300763584219,0.6364275500873895,0.6971214732001876,0.6787224816095847,0.5360035762523339,0.6838037902041519,0.6618650787217938,0.9705378489974956,0.8868424685758463,0.6999741428092808,0.6207070594745795,0.5190138855716956,0.5484338179139805,0.6794380617435097
79,0.5168686924711944,0.5245931448506572,0.5646531393788058,0.6000958422083799,0.6953186652971419,0.6812054330039775,0.6192778024436868,0.5966206604789461,0.5308598794943546,0.6336574357094137,0.6080361526471412,0.5075481443912631,0.5320922385436638,0.5737037476777631,0.6069893252643124,0.5449352146094922,0.6289741945973256,0.5578686946002656,0.5223130053365974,0.6087337847071377,0.6127405952109387,0.6011190407495529,0.5235304026587737,0.5753069913536458,0.5531325844466057,0.6956188216330865,0.571635797201563,0.5102240544720049,0.9355797610096747,0.9058741171480363,0.7420278233386743,0.6408474357081552,0.5449808756292949,0.5607911014508686,0.6698869052075084
80,0.6245802652082959,0.6772447827857739,0.643968785391617,0.6805630167806735,0.6744120854176142,0.6218543557840241,0.607182619616032,0.5371600989441735,0.5225061733953041,0.5140575989867624,0.5665154612759744,0.5747103110585623,0.6158312513900617,0.6039017387151494,0.6509664152339311,0.5094724078047875,0.5360531460317535,0.5116951792939911,0.5330438160604035,0.5155665449044923,0.6858375145110954,0.6782381411699109,0.5063547594234065,0.5430352358834247,0.6803923861729014,0.6148364812497458,0.529245179421707,0.656052102242929,0.8248562734201554,0.6143911786169454,0.4318044808922401,0.3655481599491057,0.338343761505465,0.28438014671148587,0.4813506611989342
81,0.5250235461111903,0.557816055422918,0.5644315204547854,0.6105810375500977,0.5156630779060347,0.542987332399427,0.568252023665999,0.6856156516109417,0.5998907133922545,0.6765714510861836,0.6381547196726536,0.5073603195941041,0.5711359514663304,0.6134034705530673,0.5996548025702257,0.528016579955957,0.6625280048134948,0.6820996428653328,0.6734125821738548,0.6411714885495687,0.5120093995499555,0.5837638851997711,0.5453926872807989,0.5719915692889036,0.6169847951314735,0.6407147166061672,0.5547152482458407,0.5189587283560135,1.0205813206490282,0.9806038286803026,0.7859651330590498,0.6636100311172278,0.5582235949562382,0.550956127060368,0.7164825157492855
82,0.6089070020226485,0.6732121911742139,0.6953160708475526,0.6354993458968933,0.6443759677652535,0.6007997163163362,0.5492312870682644,0.6717558510496852,0.6897860119858532,0.6780151920519738,0.568327563659684,0.6416812433192199,0.6998752943666332,0.6122285827301607,0.6121428887435643,0.6050604229711755,0.5789140083846042,0.6289824375592719,0.502294171284221,0.5241402054995618,0.5507868959891086,0.5370859084343507,0.506904113537372,0.6408547576914183,0.6691027228059757,0.5524820418627585,0.6620721520508996,0.6185494219912968,0.9542957940951375,0.8957754302117799,0.7568368868966532,0.6455661796556094,0.581079167604743,0.5744273107430514,0.6066214134541721
83,0.5810096627047356,0.609430404318846,0.6800416173142882,0.5514959696787783,0.6361194684415079,0.5046837770117787,0.6449304136008428,0.6833021095804251,0.5423208418504464,0.645801496689347,0.602389496392418,0.6413829292153076,0.5194191713277454,0.5898844045355601,0.5595329706847153,0.5296164799515004,0.5440848695275541,0.5572398608496891,0.6142165899798143,0.6284269332263497,0.5397582851553266,0.5654434822987798,0.675469569215672,0.5253508893610496,0.6204676186008585,0.6199304101088994,0.5109286281424547,0.5805768193561177,0.9586760649765531,0.8673625980928242,0.7060019303152775,0.6384457211377645,0.5373098279984927,0.5538304230794825,0.613965099002065
84,0.6071849341618799,0.5298454751384396,0.5930562869606837,0.6953214501686269,0.5069645146113534,0.6783980317095272,0.5589446123325316,0.6092856895376717,0.6813126555258576,0.5900157543936733,0.5180837343509841,0.6470922200673497,0.5744357988967609,0.6745579969025027,0.6776924187379003,0.5439850664427839,0.546163007836837,0.6728826184517477,0.518728305011977,0.5820489538912976,0.5566869975965354,0.629317374642604,0.6539060311156413,0.5872539072516718,0.6638799032836148,0.5503850538442412,0.6977489037387794,0.5653360763577643,0.7795293853171033,0.6611198906701151,0.45141431574238017,0.4039986557656073,0.20862225943112697,0.3080844915234061,0.5698377262151509
85,0.6804488081494892,0.5146706766450092,0.5750082554807685,0.6574511772776167,0.503527102739108,0.5939261888757532,0.6856442790753771,0.6045124421606705,0.6988804955341146,0.6414287875105206,0.6911965047749046,0.6173241405147057,0.6943175464500175,0.5475650516772077,0.5892657917979209,0.5618760524779558,0.6133297410367365,0.5387096278749648,0.6246981472584714,0.5843775526615512,0.5613134371174776,0.5213574934011925,0.5652090429889158,0.5300965362385315,0.5659654862373619,0.5554933284871427,0.5670212844650401,0.5133257254029852,0.9038394206379821,0.8205569214986652,0.6783781961901996,0.5822270111775426,0.48961436862628743,0.477752219632985,0.6012386970073885
86,0.5825560516717007,0.6549329667127833,0.5264779778508453,0.6625724528840093,0.5143608169044043,0.6084580540764877,0.5530394783329846,0.6089773667325032,0.609687898270339,0.6085054323403514,0.5922316853867777,0.6401463522414979,0.6757654462565642,0.5184982658010251,0.5830481790893398,0.6677378606832824,0.6231502647053868,0.5647908239775424,0.648651273499787,0.5003462787250593,0.5965573433209773,0.6045723522794807,0.5987288599013204,0.6093655760065755,0.5430654501063037,0.6117135438290097,0.6407295320152312,0.5336368209618603,0.7849898798539848,0.7557993544492635,0.6351697783375935,0.5606935953811891,0.4636268063825407,0.4844637717400367,0.5636289368965872
87,0.5796910017419242,0.6275517837484503,0.6976453265249328,0.5819981683161969,0.6601149483232778,0.6895746433434322,0.6150581130708315,0.5503279172467602,0.6249518897592363,0.5157293059770169,0.6418968435993435,0.6377809630447376,0.6739894033153279,0.5732420689217481,0.5440169457535861,0.6483846621195212,0.633836926217119,0.580260514176076,0.513272092047913,0.5268446948311409,0.5412481602825325,0.6817176438974587,0.6947360466741799,0.5218215571944184,0.5301964784483915,0.5176188797887157,0.6389744120081585,0.6838938668186476,1.1041785068961425,1.0642639630285555,0.8937433262956005,0.8325730531683957,0.758308922607501,0.7300629145662322,0.756584649308016
88,0.6743728243181903,0.5816566973302549,0.5449386617265229,0.6429518829145717,0.6306206952485716,0.655910339878591,0.6041459180858447,0.6710918157236065,0.6163987283107545,0.6033794674734037,0.5422263415912996,0.6324226293340508,0.6668243055104623,0.5256420169507141,0.5919709816698754,0.5618737856943802,0.616039237709822,0.6240351107688329,0.58458721539846,0.5702345236397659,0.6922361296298516,0.5118117865376277,0.6612257493795455,0.5387400343943974,0.5694129946628366,0.5920614066459507,0.5318068615071124,0.6465745238049341,1.0077618909056179,0.8719169812274395,0.6882108131650119,0.5919163861386291,0.42015854302057826,0.4500399437329241,0.6851669390259922
89,0.553955982796033,0.6410415539115489,0.525135375749668,0.6241266947145588,0.6378193494962796,0.5304439859652132,0.5600691262695149,0.5953530451921081,0.5653779701197833,0.6806462955979995,0.6815028159107428,0.6870246443381567,0.5088340840123824,0.5054810486119963,0.6163785224914025,0.6313657692137978,0.6384662798536259,0.6647402418916506,0.6990090259539601,0.5442219611109573,0.6742886587054487,0.6919383560534492,0.6709374433857179,0.507773072375212,0.5230886600562602,0.5707189618982866,0.6145364010472967,0.609756439580818,1.0808779027045337,0.9905575588631966,0.8089271023212653,0.7318117629380241,0.5421447199149921,0.6321697695446733,0.7543562022788507
90,0.6227276811621565,0.5609804862680223,0.6513790580442227,0.5311510988486761,0.6032832858240519,0.6370275468131219,0.6206626811626519,0.6029712568667324,0.5907653956659262,0.5128508009120029,0.6073077033244173,0.6734520910010822,0.6435804589242541,0.6111645338354089,0.5748969603747627,0.5388648347156557,0.5603770649218467,0.6683797427444756,0.549867598419838,0.6509504494410272,0.6252346833526224,0.6294221293595067,0.550195732967278,0.5721332202531826,0.5027973723962306,0.5750509570639387,0.5156588981275538,0.5507410402389067,0.7542166092983582,0.7330015144291749,0.6257977294598936,0.5873139987573114,0.4860790080783461,0.5073930397851701,0.5333938656893558
91,0.5416053753216579,0.6121963894811445,0.6222568620222994,0.5362510324392598,0.6726650522502707,0.5863999644218236,0.5583683972801661,0.659559832709628,0.6351508368254353,0.6977449325914362,0.6094245822686951,0.5617933058007964,0.5801242267831007,0.6063657095745438,0.550326335670513,0.554620482435926,0.5051666658926305,0.6745001395978755,0.5804951395671687,0.6395283445041944,0.634184285655761,0.6126781665483381,0.6246709272902676,0.653320147691324,0.5688088966606609,0.5455724765505393,0.5138059746785658,0.6019190269642651,0.7866651483565069,0.6908451638126251,0.4488966269299544,0.361103271365646,0.35079210716155834,0.30037714187405196,0.5668424439054403
92,0.6766962835933444,0.6315992442737716,0.6361631444259994,0.5484783046089685,0.6943709045750659,0.6660699883781487,0.6209972259805957,0.5854724953897817,0.6432788742379841,0.6843340726000565,0.6847728002858953,0.5664484666982589,0.5421912215850241,0.664699454733547,0.6162653414695027,0.5785170784854026,0.6453151264569411,0.5217076061724896,0.5646209769214326,0.5352007759608728,0.52175610671393,0.6896509476485605,0.697633047982379,0.6362333375980544,0.691767710548679,0.6401040968780622,0.663298005461683,0.5618309527366497,0.7314429463409714,0.6107099743004166,0.39644407625550226,0.324538896293125,0.23520758474543332,0.23596441798193782,0.54424705140558
93,0.6087118228212344,0.691427958195485,0.553029753862437,0.585235528678515,0.5613776347470281,0.6623131795679108,0.5141288705236438,0.520967418629006,0.6101057735755833,0.5829984448480876,0.5899353663486896,0.5713178732048464,0.6938733105172359,0.6571562400054701,0.6537217476680719,0.6982934201505683,0.6067699400338764,0.5251365055080027,0.5681043083755376,0.6560195721334462,0.59097135147745,0.6987632305444696,0.6393894876248916,0.6609109534577471,0.6805335558422926,0.587546509848721,0.5510157987614698,0.518141603555351,0.7088831741276348,0.6188328550044877,0.46511514390423475,0.35462858369276246,0.3103998468694988,0.30458534980910795,0.5284184024491981
94,0.6059731185085018,0.5089118070847856,0.6592072634922318,0.5418632382598716,0.6684886351850855,0.6006142695643379,0.591144427238334,0.5485031659414082,0.5464587142777646,0.6834944900799577,0.695655982141608,0.5537792151500379,0.6788907448350796,0.6272155555562595,0.5817116768061704,0.62611969884011,0.6551711607177207,0.5668869042203242,0.567565063426547,0.6333146495654705,0.5231010267489884,0.6921576117192703,0.696041472377591,0.5570358765708275,0.5827530408417355,0.6190806875449288,0.6957516117814919,0.5286098887725165,1.0843907834444264,1.0398698495130225,0.8789272890233019,0.7526685783213661,0.7103569572945707,0.6698648465622575,0.7359640981393824
95,0.6760051662318114,0.5922844979318735,0.5224863226383867,0.5657402592770807,0.5606510141593102,0.5965986177982445,0.5727441586022906,0.5806275489361351,0.6081084860964268,0.6789212052801415,0.5095705655208268,0.6328742478916906,0.5885473487948819,0.542951625465772,0.6732729756488709,0.6972528054329428,0.5717575136804687,0.5577594881301781,0.5545052933964925,0.5231591393267214,0.5230473286949169,0.6825107288575187,0.5337158186480159,0.5259703461755967,0.5089970602765888,0.5015518511339819,0.6982340639601677,0.6288440133701388,0.6351167878888796,0.6142941248587439,0.5360564028670152,0.4574693862915091,0.3821077129798683,0.4108027253349458,0.45946682616241025
96,0.6626437238004881,0.5532470243238229,0.5353287389156626,0.5780313387036061,0.5170979877464943,0.6593549720002517,0.5236699887544516,0.5465687000133147,0.6917324429027951,0.6609947407383917,0.5990222933741702,0.6621474076029034,0.5722965402523145,0.6576343739148477,0.5126150530708738,0.6924222110261011,0.5283800951978342,0.6170722664694542,0.5712151394575861,0.6905436652751781,0.5940773357605922,0.5783212650353298,0.6858359068103678,0.6894267565833887,0.5626568402642483,0.617373452678985,0.6057381796138045,0.5610921732152071,0.6009607394401926,0.5474296026915939,0.3473633459825576,0.31761472523536544,0.19996006555784412,0.25840310397738486,0.4662001180789483
97,0.5863589114218235,0.6357112806380685,0.5872449794014467,0.6094064904911785,0.570087754138578,0.6343777994350218,0.6180843313988443,0.5681267955982622,0.5164755407166247,0.5593682087515629,0.6532305588777699,0.6288844031063201,0.582298571990859,0.5898642718616908,0.5021914524515583,0.6862884762756233,0.6315343444325162,0.6344182445781819,0.5236572558623337,0.6838833913127222,0.6041191605490627,0.6847193590074533,0.5578636790797104,0.6156485581245645,0.6208903376141699,0.571326916687115,0.60565257931401,0.5639795736609609,0.9238444309392365,0.8935923355850862,0.725977456654159,0.6502246874157157,0.5741377998979518,0.5530383394616529,0.683028458320159
98,0.6972304224631961,0.5097152474807257,0.6009105144376772,0.5825938251353662,0.5941415909008401,0.6732861604801574,0.5851077386120112,0.6513901999385296,0.5835189391113087,0.5179830760037579,0.5630998842972372,0.617427069482141,0.5532399857517637,0.602416450841103,0.5951758700981796,0.5318766576167543,0.559873660636492,0.5403309889717836,0.5207412063752641,0.5796161265331632,0.6959489997771766,0.517632930929283,0.5055312931477863,0.5876608905485137,0.6359462602147051,0.6159260683662675,0.6988696402378689,0.6486590274146891,0.8370119747548026,0.6789837576627439,0.46187729362662183,0.37760897667243104,0.2740559709023041,0.2998882359050671,0.5452821912685835
99,0.6008939674886469,0.6738825567696983,0.6697269180800646,0.6448825620747396,0.5484886297019227,0.5025201381771688,0.6681803767378274,0.6434613255147889,0.5405011842171601,0.6744742290744224,0.5360348185634441,0.6976125462378605,0.5237962931726942,0.5615828053566734,0.6460369892839037,0.6542041080547607,0.644466752819561,0.6175708995594504,0.5744087870055827,0.5823557940287896,0.6207562825907864,0.537710314793937,0.5926223324175962,0.6479722561123717,0.5695745286129887,0.6483192814546247,0.5385452772945881,0.53425536877223,0.9095675511789441,0.8842343568537328,0.7578731571478704,0.7220601234657628,0.5711198896565267,0.6349365263667708,0.6197995948858833
