,FSN_E_l,GPeTI_E_l,GPeTA_E_l,D1_V_peak,D1_ada_b,SNR_E_l,FSN->FSN_weight,GPeTA->FSN_weight,GPeTI->FSN_weight,GPeTA->GPeTA_weight,GPeTA->GPeTI_weight,GPeTI->GPeTI_weight,GPeTI->GPeTA_weight,D2->GPeTI_weight,STN->GPeTA_weight,STN->GPeTI_weight,FSN->D2_connectivity,D1->D1_connectivity,D1->D2_connectivity,D2->D1_connectivity,D2->D2_connectivity,D1->D1_weight,D1->D2_weight,D2->D1_weight,D2->D2_weight,GPeTA->D1_weight,D1->SNR_weight,GPeTI->STN_weight,D1_norm_beta_power,D1_beta_power,D1_fmax,D1_entropy,D2_norm_beta_power,D2_beta_power,D2_fmax,D2_entropy,FSN_norm_beta_power,FSN_beta_power,FSN_fmax,FSN_entropy,GPeTI_norm_beta_power,GPeTI_beta_power,GPeTI_fmax,GPeTI_entropy,GPeTA_norm_beta_power,GPeTA_beta_power,GPeTA_fmax,GPeTA_entropy,STN_norm_beta_power,STN_beta_power,STN_fmax,STN_entropy,SNR_norm_beta_power,SNR_beta_power,SNR_fmax,SNR_entropy
0,0.6278297526647154,0.6974807585016883,0.5244657043979505,0.6528633750282455,0.5622122713198284,0.5012624516473015,0.6371039232828328,0.6575972216914819,0.6672113490436261,0.6320978703111754,0.6875474421305552,0.553692637851276,0.6340571501111547,0.6738972846865814,0.545776129488928,0.6335902914863831,0.5612273878599009,0.5381668560686527,0.5625020004356375,0.61011999070237,0.698851737269458,0.6284949012163978,0.5140882069638463,0.5455639971724495,0.6217380026088507,0.5002900569906149,0.5648847506434275,0.6821047261060654,0.641165593310963,18.475708704527655,16.0,4.406817074001811,0.43265311325731554,6.525015831605956,16.0,5.329956423212154,0.26593675646703374,2.1608540942641983,16.0,6.003821267726052,0.19256962042918466,33.592953113523855,16.0,5.717821570053505,0.1549764189375724,0.18691506856795587,16.0,6.517322103324309,0.16707489287661362,1.1270227074877588,16.0,6.437662991300895,0.40799718645032323,233.74657494356686,16.0,4.967709060745882
1,0.6481951263213092,0.5473085007750998,0.5869966984171584,0.5084674924963868,0.6087749984766085,0.6939762978185748,0.6232229657426877,0.5557455487189377,0.5086365839729872,0.5468278224329672,0.6220304535894318,0.6662295903876475,0.5074940575127642,0.5794972638564179,0.6357415305930958,0.6051251307823649,0.6542271509946305,0.5779156521539417,0.6514713003293405,0.5163540997725435,0.6886786347639859,0.5913244354690105,0.5233286871850579,0.6352858082075222,0.5941997894331256,0.5886620002722042,0.5420215234048607,0.6418992787191021,1.0298560353905133,86.26421406782141,16.0,2.4231665979771164,0.9491793535061526,42.96729962948095,16.0,2.850774991339805,0.7842349719319884,15.338302821340545,16.0,3.597261950750317,0.7098860911222511,247.60597999520164,16.0,3.8064707339552744,0.5446634707438969,1.3772410939777553,16.0,4.7242952981915876,0.5455495852323321,6.191422580172187,16.0,4.822590057354812,0.7191016860845687,3265.7244251350985,16.0,3.3175901559653123
2,0.6214957700185643,0.6379604720276064,0.5957540976676438,0.667242029751869,0.6114652096607774,0.5853098546354708,0.502695654886522,0.6335522716519105,0.6448024347594744,0.5804044560280713,0.6854500125532934,0.5396187551642939,0.6350278337605477,0.5429458650625222,0.5460345837161702,0.5306534967692867,0.6409317737221684,0.5812407045131636,0.5250099517212066,0.5252920378449071,0.5896350961092457,0.6020134806903485,0.5347898678057903,0.5034543171850977,0.5264904090019717,0.6708023503908577,0.561260086922456,0.5142491102566624,0.9956403464871528,103.8640856630083,16.0,2.2054102556958606,0.9561131412674604,53.936914878267544,16.0,2.5084452127335695,0.8136421584766288,19.989163530550137,16.0,3.1705000473043286,0.6935448311090836,282.66913959836637,16.0,3.628736592914249,0.6312724032074525,3.1504657556205897,16.0,4.0441405569761315,0.628850530167143,8.125419762766098,16.0,4.263644990623034,0.6927375742137623,4449.69895486274,16.0,3.041518103760589
3,0.6348253312763369,0.6245897130981363,0.6923203815166998,0.6738689801172204,0.6512275684940468,0.6137241946562737,0.5535146439979975,0.5269013022462679,0.6544319472675018,0.6565566512859268,0.6767101169575563,0.6872125793070881,0.6116246787333346,0.5642086657983235,0.6553877394741805,0.6759674630370887,0.588324141537081,0.5311853766259256,0.608288843126946,0.5150726976877791,0.6199261597332647,0.6639536801707724,0.567114765471329,0.6589343151781875,0.6863643593552842,0.6369018422058915,0.6884014971177145,0.656882164718689,0.9056986320090035,85.27415665039,16.0,2.4752359633680765,0.8060770798002609,30.795626033035898,16.0,3.126588067194361,0.6739114792760788,11.049930762718029,16.0,3.8162126272644805,0.5809709402100854,197.8689288212023,16.0,4.127462231751015,0.4925629712385529,1.7645190197557246,16.0,4.804308264508,0.47302386486165554,4.904774449660753,16.0,5.097090142601581,0.6227234403452253,2172.324475982819,16.0,3.6129885053334494
4,0.6486204911322531,0.5908480537675068,0.6804735827743578,0.6494321158450601,0.6931366698037693,0.6197698228021303,0.6192655579079779,0.6450715405083269,0.5210434278668336,0.5766856795726136,0.5931974864004111,0.5276713525542799,0.657830308145162,0.5442995489573442,0.6583247270804833,0.5258491050390933,0.6198760003453774,0.5637984923337369,0.5816315639024899,0.673815221818074,0.6588498413424122,0.6481547095601744,0.6962453507057018,0.665433884285567,0.6358114289009735,0.6533362272792376,0.5343190322726367,0.6634285226362822,0.8130690877320482,71.43018120999949,16.5,2.5615739581584185,0.7658174526544173,33.04992485564513,16.0,2.931916641329973,0.635093432935704,10.625180010439895,16.0,3.7060712470253456,0.522714533222574,172.89841742534423,16.5,4.12634236551772,0.5482990340090648,3.047194592034793,16.0,4.252657211805987,0.43572307079690087,5.027623291567275,16.5,4.997403431862544,0.5715649685417281,2435.6048899019793,16.0,3.547042575569725
5,0.5912097735248893,0.5002815787414201,0.6372893369530582,0.6592392172119059,0.694920439574405,0.6378329071041295,0.5620197455005184,0.6741619401841097,0.6745393867616227,0.6622491695078551,0.6401422251706462,0.5668990737961122,0.5830354814038693,0.6900196959817663,0.673382431248804,0.53062032583684,0.6945723506815248,0.6437680962772133,0.695452818920162,0.6612159095645799,0.5389689592618542,0.6775550756538369,0.5012826742901237,0.6377460310462655,0.6372457621960377,0.5023046332167727,0.6608225527937784,0.5506900096634533,0.8900364579150679,34.87441450220437,16.0,3.20066537195149,0.8761327492856016,32.214139051983786,16.0,3.2358783175044104,0.6719006173754654,10.353178683883892,16.0,4.205467711417475,0.5719578539694132,159.6971533411139,16.0,4.380313305579995,0.4722827710723633,1.251943837018898,16.0,5.113528092102447,0.4561991563797771,4.590421609187202,16.0,5.261007993348114,0.6470533431713739,1936.845782307554,16.0,3.7967886151256764
6,0.6737864629337442,0.6097386646235949,0.5255528646920663,0.6584780573578325,0.5126315224988099,0.5992630080657512,0.6177581297818537,0.6238391313548359,0.5835417986484636,0.5652084412103793,0.6035021550005171,0.6668646970948372,0.6282121447019492,0.6468468549135785,0.5718490333965229,0.620408758906855,0.5314479547055636,0.5170195821558131,0.6567939822026916,0.5070288610370541,0.6672159909926113,0.5889505394314669,0.5749703796698007,0.6117847860490264,0.5125314979381471,0.6644854388443133,0.5368934505941645,0.5393191810122103,0.7528472988440565,56.78882848140325,15.5,2.7879062214174173,0.668638548155516,20.84107735417152,15.5,3.4065817509998597,0.49379778245191885,6.8078968550474,15.5,4.5067987715428535,0.45870183290314526,119.59313277513799,15.5,4.454484471843538,0.29331982851161326,0.38173864435992344,15.5,5.702328507148705,0.35350690327604195,3.13243822106676,15.5,5.426595808258041,0.4968745609997267,1027.954981690857,15.5,3.9557315133110333
7,0.5568895521380575,0.5124681911658753,0.5088319854482444,0.6964329064948234,0.641302421476046,0.6196842642652095,0.6472433297573016,0.5914973599488811,0.5517597248756871,0.5504313911770478,0.5804262034853482,0.6679444864017388,0.5664622938858817,0.534529625862807,0.6329551186593256,0.6689507953299495,0.6888551013896282,0.6078168707864781,0.6854365731127658,0.6113936649446646,0.5456510916768667,0.5563246310615301,0.531365698211393,0.6569656460452494,0.6157094094267216,0.6893777496056018,0.5653933992007258,0.5833323763892716,0.867285357211809,53.30265034032709,16.0,2.5715255871307785,0.8463338921129951,44.774272752149535,16.0,2.705248690724476,0.7149510063749199,16.33044843225124,16.0,3.3917464214622997,0.6544958599027865,259.15085412075194,16.0,3.611987640619458,0.5069380351905208,1.5101412169487456,16.0,4.489671220509304,0.5518796086766031,7.163297025544157,16.0,4.486544709085854,0.6132893676398401,4177.71583549466,16.0,3.371286394652934
8,0.638366562078903,0.6361693815013049,0.5009359317485319,0.5058474213146795,0.616820547662292,0.5902954490529618,0.5679448742571326,0.5334902869928173,0.698854175649103,0.6439468291252595,0.534682934285559,0.5840979673390688,0.5705952223836009,0.6050222493853966,0.6087198312782957,0.5366511949074342,0.6359955532619612,0.5599684278924518,0.6387642466332372,0.5488829630102178,0.6920769104360563,0.5900497777647405,0.5516411953494565,0.6956771494064029,0.6479937411403129,0.672489905482858,0.6464735730420977,0.6091640462271664,0.6735330829626128,15.297571184426863,16.0,4.412151974475181,0.5340746349047529,8.278881206272779,16.0,4.981454697017943,0.3236267456103863,3.1115741662545595,16.0,5.839549635013189,0.2706184217511224,49.755731762282245,16.0,5.540856259614253,0.1538638710708689,0.11081139441995262,16.0,6.500720427396101,0.194630128505121,1.3233479022929107,16.0,6.332301059690028,0.5006537641656985,326.44495708632905,16.0,4.686151831382293
9,0.6604646118666933,0.6257935903436302,0.6819071802420591,0.6613312339266064,0.6585789087379823,0.5504499421641683,0.5986636216941906,0.6169832888649206,0.5792117783111886,0.6194145919764715,0.6641759884063915,0.5623605707810074,0.6885974839940943,0.6517959227335596,0.5213687617729372,0.6133213903553307,0.5343128636025273,0.5415504656738649,0.6173922974128987,0.6234900180798886,0.5645074784623328,0.6309577367373024,0.6988114508522263,0.6268818145924396,0.6679424017214367,0.523281206237569,0.6663553076577017,0.6832147402846591,0.951581988586006,76.38156042252224,16.0,2.7019490255023673,0.8215387255354155,26.7302819135166,16.0,3.3726538349538515,0.6423810173568941,7.577671889746009,16.0,4.258834919625237,0.5101531290110132,135.29375955836127,16.0,4.521680877939086,0.5169214021745691,2.1669227581301094,16.0,4.925603574672779,0.4177599498938655,3.9220107447799513,16.0,5.369361845736213,0.6201692903812939,1451.880268522311,16.0,3.798941002989696
10,0.5897703453207485,0.5402686650814847,0.5457665582597323,0.5530997464454996,0.545908316083999,0.5113956596317473,0.5178624574409074,0.65774479619396,0.6226318980906943,0.5238536945987218,0.6625727618607344,0.5813564179076778,0.5524171126789771,0.5649358618786803,0.5657750363165128,0.6106845518447627,0.6727344216848427,0.6919059804787374,0.5873325137125579,0.5736788680196928,0.6848867978099225,0.5076472872057958,0.5151620034223978,0.5776479284963001,0.5384524296505941,0.5659773558502759,0.6248080752680558,0.6804636849044797,1.0026021502347697,48.53987209426232,16.0,2.7409605423969987,0.9090566249271819,30.227249350330464,16.0,3.1732364319388,0.6993395311062716,9.933898618167103,16.0,4.118573041846213,0.6216145181741725,163.6215054063103,16.0,4.234097345341275,0.5121186804149415,1.2645680294797204,16.0,4.971020479705781,0.44198057181231915,4.260464420073441,16.0,5.343888220995419,0.721981944262448,1999.3388104099959,16.0,3.5440410343634436
11,0.6223055258954341,0.67779755470276,0.5393223046673069,0.6842178620807927,0.5293001986395268,0.6776953055852625,0.6563563401394426,0.5497135931264084,0.5873850606870287,0.6943984224254074,0.6217145914416363,0.5235158643860981,0.5181205008178507,0.5445191251994203,0.5334490466210569,0.6394511589903523,0.6652008545439312,0.659856015245374,0.6695278379693786,0.6395107596821926,0.518502407518084,0.5271797621485605,0.6018369373087552,0.5535807236246768,0.5786228018125883,0.6988905807796434,0.5525769007548453,0.6099832190644492,1.0429121109851565,76.67005781795451,16.0,2.3905524487129455,1.01530880406862,55.80143519398977,16.0,2.5539713719812878,0.8532191583135621,20.241047460917095,16.0,3.2489299635120568,0.7197806155093079,267.20411245740144,16.0,3.6872409246576607,0.6128180068746348,2.800088218011275,16.0,4.260522764655089,0.6336212141237471,7.822068803643264,16.0,4.443451246027296,0.7263679065057834,4625.157256861785,16.0,3.213776005311526
12,0.6794758103245018,0.6341668228792998,0.5741442060679375,0.6616646848491794,0.6569485659411725,0.5808448110330603,0.587632152661069,0.6607144406436058,0.5366354586873142,0.6732519508797524,0.5581440874279244,0.5748039102695539,0.6098230454447112,0.5050716617231575,0.5107211530652591,0.5468446699132123,0.5104831264665594,0.6194258691005553,0.5762929002810573,0.5045258753786578,0.6016153039325103,0.5125213346589971,0.6797118313291075,0.5962492550577849,0.5169214782938132,0.6347133585825739,0.5492430918621903,0.5255607936166262,0.8740181126807361,92.66514975966435,16.0,2.429002442023423,0.7798495893173739,28.408687289114976,16.0,3.0810957582193126,0.629216274867999,10.493917950980288,16.0,3.934998183639596,0.5258608927230123,175.1892956341307,16.0,4.205726974662921,0.4476138164281702,1.302240122901886,16.0,5.028379529420578,0.47501876314550895,5.047684510878026,16.0,4.918275498279247,0.575901735687368,1952.5837091789485,16.0,3.5919432998090497
13,0.6701287873677739,0.5447417200083332,0.5708103129651703,0.5571990280943971,0.5551339419740822,0.696966689687178,0.6065707306558386,0.661125484562074,0.6268327147606617,0.6802398980087427,0.5999712579834702,0.6359765881964361,0.5943447007537892,0.6199164682017703,0.5792825708427607,0.5592218542264615,0.5151051855089922,0.6871444617479537,0.5538334162400788,0.5709650135896076,0.665587453731559,0.542344613680091,0.6601817710895913,0.5453258357554601,0.6003463250232018,0.6517321222067851,0.6655079412085978,0.6647422002071003,0.7526161494181549,33.66183526426016,16.0,3.8577363833898506,0.6141970766155699,11.884824286402512,16.0,4.555069805443172,0.42355236791043926,4.537871896164649,16.0,5.411277487794484,0.3249667056184246,73.46115193323307,16.0,5.388882210780496,0.21148513337129285,0.231748427100683,16.0,6.307313924247379,0.2649325002706245,1.9643448093783853,16.0,6.156958924619305,0.502102518589696,559.8084401802121,16.0,4.626682126885851
14,0.642358049875113,0.625643581253409,0.5571645172209702,0.6575652201910633,0.6788524373907673,0.5148148270584838,0.6211358973648965,0.6576466657187814,0.5200756925086947,0.5687587875132747,0.6885745069751944,0.5717014168620295,0.6905354640514514,0.6089281631689947,0.6526809294839735,0.5989779775889726,0.5641066569917604,0.6031793847302138,0.5559679718006771,0.6388310579161539,0.5426906422933567,0.5218718079801727,0.6850576017063483,0.6198115653006585,0.6604176208574938,0.5610929347553627,0.5355107454592047,0.5177274738305216,0.9703561277766309,79.41428791298041,16.0,2.488503425805015,0.8887665702879997,34.85844053579502,16.0,2.967837433684292,0.7165901578640125,11.25450475120845,16.0,3.832319870650715,0.5850439543304187,170.33117321242335,16.0,4.214267406070271,0.4966247373755809,1.3405241243704233,16.0,4.937551803221941,0.4783277658043636,4.750130465452817,16.0,5.068687677959513,0.6557517433325274,2047.9017405252118,16.0,3.613071794070718
15,0.5912464410449456,0.5059618791919547,0.5955571758462261,0.6680052648953596,0.6609308347391385,0.5438302894070138,0.5531970952570321,0.6674972191745393,0.6836491562972229,0.523229333060975,0.5712209571061253,0.5522078875760764,0.559523412515273,0.5887838533229077,0.623810637553966,0.5971894584283776,0.5776397286321495,0.5820306262789469,0.6207340458702783,0.6122192522323812,0.6373021466718486,0.5122333258956827,0.6101188480770439,0.5392216193556834,0.5348356754966478,0.560725122157504,0.5486284327289678,0.5234250584591716,0.7025744301459528,25.168200227518906,16.0,4.05239195868138,0.5851006700457226,11.533738110714445,16.0,4.603266672044738,0.3702729648145022,3.819286922440713,16.0,5.591033646003945,0.30189616601128005,60.37166854678141,16.0,5.433915951951962,0.25346647785696214,0.36839018677321644,16.0,6.138059533635501,0.25262742151148637,1.8454222148705275,16.0,6.148754488082842,0.46849804139832235,576.2418141664089,16.0,4.672770082466772
16,0.6933217663125509,0.6212634316329709,0.5450679016558522,0.5622131011540646,0.6865523038864856,0.6725787229916736,0.5005269537865306,0.6963691464472453,0.666712434616314,0.5990183367918245,0.514601828237047,0.6408212332420478,0.5456609245581161,0.5964670203568506,0.6775821097493626,0.6047950947682922,0.5990320145398208,0.5909310664777478,0.635019338272323,0.6743394822147253,0.6555929782826543,0.5939544244157249,0.5067636728340674,0.6746622042146355,0.5505357267838015,0.568550971747644,0.616520861526796,0.5819452484017071,0.836612698751309,30.958826513223798,16.0,3.3267212774991117,0.78169737707208,21.860343891204153,16.0,3.5621440030686458,0.587220012149935,8.41889224149713,16.0,4.548473511106562,0.4975423200121536,138.29494937403734,16.0,4.636882001398963,0.3021651835513993,0.29542465908121224,16.0,5.879117810752124,0.4229225017494676,3.8593471235022645,16.0,5.36059556274798,0.6242673658253796,1171.6562894792257,16.0,3.803959137423103
17,0.5516243945357121,0.5100292299890741,0.6843019374236944,0.5662553417403895,0.62419552049139,0.5807332002581314,0.6014573230416516,0.6245424902372492,0.5430248984602654,0.5813583593052234,0.6552350513603136,0.6306745978700555,0.692450116737907,0.5935409992744255,0.5297272945894997,0.6172722863491495,0.5124450354133345,0.6639471475992713,0.5300866121455224,0.6819958062786045,0.6318160536993426,0.6638879139127388,0.6883131092499394,0.6487763620220192,0.6684847197943102,0.6514424521590307,0.5393318667372732,0.5034973565970546,0.9676248530489814,75.05745960830068,16.0,2.825283748796179,0.8870012885942907,29.900307592431336,16.0,3.24915088596161,0.7068423924710486,9.111766297476741,16.0,4.059292416119258,0.6144164129568486,171.75380946938037,16.0,4.188491759379919,0.5787800928809349,2.723596379815472,16.0,4.67654052738235,0.48846951711216685,4.689496245697446,16.0,5.12920318274645,0.6825134777579772,2083.665118436208,16.0,3.6600968847920163
18,0.5726676902920819,0.5625383801128228,0.5551202796247556,0.6361492935091957,0.5577000225875036,0.6252212889483484,0.5651736144692443,0.6881423433940086,0.6672998181832046,0.6533221289109612,0.6613881844859786,0.516370818635066,0.6408612227005476,0.5254070274142567,0.5516437670425384,0.6963315356430317,0.5433954378423805,0.6660524295247251,0.6817393576837671,0.6336882412053844,0.5316822311199665,0.5051727630426568,0.6371273785872157,0.5204089797435764,0.5252479073467847,0.6678532154630559,0.6322005489804116,0.6047047724708937,0.9407804847681004,69.30508842589214,16.0,2.552799937628871,0.8460586965766683,29.13494518775535,16.0,3.0723257280988943,0.6712056748832121,10.6795153679722,16.0,3.994010018131938,0.5361969879888574,148.89348045583606,16.0,4.3308214640457035,0.5207397041472932,1.6904166047270799,16.0,4.771830513783337,0.4519549765198616,4.607854637426717,16.0,5.141590071839678,0.6512730109818609,1907.8274672131004,16.0,3.506084822094221
19,0.5835799438307302,0.6961216408413706,0.5857947204699089,0.6470845501374214,0.5958067406056919,0.6381602443521802,0.6517667245316184,0.5769818861344083,0.6679929768788219,0.5920011148673444,0.5228267600122509,0.68129587404333,0.6255125001332514,0.5293763751437387,0.5090156416521705,0.662080841561324,0.5662907783197789,0.5699945404006128,0.6270975739944766,0.5950907367562505,0.569328299833035,0.5225737807126684,0.5914150390770411,0.6932889339174548,0.6583375067942803,0.5596557771881058,0.6596263140462207,0.6502848706297398,0.9004291777029634,68.65783933130554,16.0,2.642206331058497,0.8394563145993278,32.293285392600346,16.0,3.015927757712807,0.6872599532180995,12.843340673975932,16.0,3.794113421689744,0.5984031747250704,207.77142945927594,16.0,4.040074547840693,0.5006031962284803,1.4158970966374262,16.0,4.859421217656575,0.5017344084002503,5.2693570647465355,16.0,4.849537731610945,0.5911237677507133,2115.6824909072234,16.0,3.6636105382255653
20,0.5474260182149243,0.6321590059412954,0.6375812066518708,0.6930918920353567,0.6551872071325394,0.5372456940061109,0.5792309043910417,0.6542279787677309,0.505427762127945,0.6728961054147452,0.5902743509157705,0.5136820384357712,0.6863844204170548,0.6970858737567006,0.6295438790915728,0.6941363080953284,0.5654083552426149,0.6257582147307761,0.6386036499192702,0.6690171033813729,0.6187124381983493,0.6814092503031837,0.516226372579821,0.626315187570734,0.686932144218998,0.6850521437594563,0.67210565693971,0.5385019398629317,0.8823784869370884,46.67238647500114,16.0,3.3139941766307084,0.7723628756942202,20.696192404407665,16.0,3.8695848298186437,0.5487651708769892,5.378546458697549,16.0,4.84689630702105,0.406786584044725,90.17102982642491,16.0,5.0217924387094515,0.4378192545628053,1.294510657181674,16.0,5.405722910708581,0.33909804108567565,2.819156004545938,16.0,5.83741101447027,0.6236837489464696,1054.371483603643,16.0,4.117309478510631
21,0.56531627205665,0.6018150369542008,0.6680160370117225,0.6306054960632084,0.5930417058154991,0.6915731513490007,0.5785769230817815,0.589889675024736,0.5486418351080812,0.604648347348757,0.664336602960651,0.6112619933763962,0.5970304904831654,0.5448985163606135,0.6032670878424091,0.6131268108290415,0.5458644521395427,0.5889051363397054,0.5170831122456442,0.6711666277120175,0.6123416832330543,0.6827355000563482,0.5009161461891978,0.562570697140566,0.6293851434011445,0.6060041455633702,0.5086430970839393,0.5366616627870114,0.9755421774773951,90.95423075952333,16.0,2.388817616240929,0.9241690560160768,42.41212118452222,16.0,2.7249968400578815,0.752386534254371,13.613410583832557,16.0,3.5277869146392375,0.6580119117647101,241.3603657008577,16.0,3.846994364245149,0.6069389660209915,2.9519635511411417,16.0,4.211857445685698,0.586929678369884,7.104739154076727,16.0,4.482169619947225,0.6588593160524803,3520.2714489126265,16.0,3.3095339006049045
22,0.5868086240887945,0.5715279772223163,0.5514669787111778,0.5737589783792079,0.6422258935954855,0.6623501384352536,0.6266636175737809,0.6239359910692379,0.639944178438742,0.6039855512243711,0.5610820288153249,0.6882198475246245,0.5257487325417263,0.5748363798655481,0.6121136163855291,0.5530296258189684,0.6704769695824764,0.6680345262655947,0.5985856260352825,0.6957151237942266,0.6863445355230228,0.5220968749417236,0.6006923149732437,0.698512421208237,0.6288939739513311,0.5410444243265432,0.5163167773013613,0.5221897682846144,0.9669589316611836,39.542967956132074,16.0,2.883051141915627,0.9142447922601754,33.276571065322734,16.0,3.11975539312193,0.7598930665245617,13.621717134742424,16.0,3.790752435121448,0.6312279525034717,217.0580509865424,16.0,4.13157069252255,0.4052610786010289,0.5773788830515442,16.0,5.40846571540891,0.5663239869110608,5.842020815082788,16.0,4.784093534694141,0.6524290734486897,2384.267257436905,16.0,3.6974295775583195
23,0.5208319000632762,0.5499996653158523,0.6582942921128433,0.6522875531851733,0.684043537366425,0.5396694208168467,0.6325438450641998,0.6864513708115275,0.526459846625235,0.6430174529881292,0.5743094065893543,0.6779729563729561,0.5008525556344783,0.592454832061393,0.6818808822426605,0.5814083914234105,0.5268442497248621,0.5464538611951336,0.634865472830859,0.6178724588104557,0.5915851823375977,0.5872608704944131,0.5845982284906875,0.5063173751786949,0.646869590620212,0.6016819458803435,0.6490347953873273,0.6583359088105322,1.115922101245121,129.1051760655691,16.0,2.2429215526964756,0.9905839563131406,38.699456456499426,16.0,2.8295899375124356,0.8032639945291797,12.613629316027499,16.0,3.6367549835586757,0.7319171037117279,237.0830211850923,16.0,3.786936499228617,0.5470682713401658,1.3202840325820744,16.0,4.773705782557659,0.619025841547528,6.596570853108296,16.0,4.580507667932081,0.7706972286298496,2530.9690632723277,16.0,3.2876089930730292
24,0.6886523111861832,0.5575922000951885,0.644066217854291,0.5615894220976486,0.6984554438116565,0.6204920950632099,0.6405386106610631,0.569556095569146,0.5695079591250898,0.6074676505953664,0.5288312093574115,0.5513001944984598,0.5276185040218184,0.6846918864511158,0.5537067608584503,0.5191767155780537,0.6246240520835608,0.607077838034371,0.6632747586851351,0.565281534750437,0.6138283344575499,0.6875674854677793,0.6238798397633493,0.530337985597224,0.6179028449998063,0.614955626219586,0.6372251568144804,0.5787716707391218,0.7185680007674176,37.36037705834708,16.5,3.3731562808973337,0.6371177729723657,17.11466413041166,16.5,3.901559395204825,0.45422131318641384,5.308108728541197,16.5,4.925091666231131,0.3760328359918445,87.74000069912249,16.5,4.939426400204315,0.32522847183708403,0.6114290598748667,16.5,5.717708124666493,0.3077041347640318,2.636150245122351,16.5,5.75007444050229,0.5175934569953606,779.7009361454471,16.5,4.156166501953306
25,0.682069756206751,0.640383842971137,0.5659965314360949,0.5759194924959022,0.5615166406965743,0.5920573678317516,0.6293242292372241,0.6869142625233958,0.6129795588700528,0.6806737326255269,0.541457940475492,0.6856530608003244,0.6105795650181234,0.6281932751302545,0.5228601783579021,0.5139297199626214,0.662138124957064,0.5717193967552254,0.5036508290831423,0.6706124071554587,0.6905176407158811,0.6102270351155087,0.6793547743552505,0.6337201976435788,0.6999350725900454,0.5211877290503386,0.5482830861558021,0.511208007112172,0.9130060143707731,48.10008263393137,16.0,2.8934862574567703,0.8283643740845832,27.89258819262524,16.0,3.342831464573963,0.6703638836715323,10.654697373613413,16.0,4.1205466403365385,0.5663399634245389,169.8578846463866,16.0,4.33725360632263,0.3867983067189996,0.664068867839753,16.0,5.52897513463035,0.444424277703452,4.218976915892829,16.0,5.265395925663571,0.6443699719809747,1475.4632388616,16.0,3.747636599716859
26,0.6352856509276379,0.5470920326826512,0.5078351440870038,0.5191188271385042,0.6445537269949263,0.5911797499254262,0.6229619697688767,0.5846809678193787,0.6658122838340403,0.6070758574218659,0.6717552314998185,0.5081463253588434,0.5730009437435908,0.5898513112078119,0.5704892661356626,0.670772138699953,0.6244481899893968,0.6690076290873103,0.5440333499942557,0.6258142149659337,0.5140339206639842,0.5009545899261618,0.5536929405366517,0.6934446103212433,0.5565662175488144,0.5979141352868852,0.5594436042522867,0.5466212901636852,0.6754466431884831,20.2370691233106,15.5,3.5553723035603193,0.6849962214824391,18.58642196399477,15.5,3.533527911168494,0.48706980987639625,6.893965574724508,15.5,4.713237557764683,0.4002910222779874,91.75573854401169,15.5,4.806284739446717,0.33835207710092546,0.6112964400649175,15.5,5.5358895232315195,0.32036362342014835,2.897264925343149,15.5,5.664146856316348,0.5478152369023717,1071.1079910368046,15.5,3.948608805315319
27,0.579307058083675,0.5948437700470824,0.6560911142904945,0.5994163837265708,0.6477932667507966,0.5816576237155049,0.6615575122391154,0.6915463462267245,0.6356903164362276,0.5683269835002467,0.6386227008245544,0.5666539523838764,0.6841089445760719,0.5545209226568678,0.5503643049013278,0.6628988836201641,0.5052665027831437,0.6870010317290006,0.6166065843440549,0.5014913632972605,0.5091979617497099,0.6853208366305857,0.5091930657107595,0.5466840532714821,0.6976295045904021,0.6704428737297761,0.6509184166797123,0.5130882190883662,0.806739998574494,93.47579306308339,15.5,2.4137313865255376,0.7462606590386139,31.979357619545944,15.5,2.9245177792669805,0.6394930145884207,12.240198033436478,15.5,3.591350029005209,0.49195262633195047,174.83626145308878,15.5,4.243097749469606,0.5011372813581638,2.4278442343367024,15.5,4.467655464526915,0.46142072889793023,5.392935146011849,15.5,4.82203068942147,0.4978788012394575,2251.1929658080426,15.5,3.7433629085462345
28,0.6996154077071957,0.6408586220341046,0.6535404253042431,0.54467464739145,0.5854971315759032,0.5877469831569994,0.624467485976133,0.6930928421933743,0.6069353651141081,0.5192824407142775,0.664363657006718,0.6921787952800562,0.5232188358011493,0.5091488791428829,0.6760202627358107,0.565880551321931,0.506558468298658,0.5671758446706503,0.5502347787872385,0.65188908240452,0.573233672872307,0.6358374739275844,0.5424873786254899,0.5016805531259806,0.612614598281684,0.5473312558259443,0.6999988867276645,0.6542859209394889,0.827097592930927,64.49936522089102,16.0,2.701673185682134,0.7395995463614176,23.610144427340064,16.0,3.3019253357491207,0.5827316641343878,8.846655219606223,16.0,4.206517079728094,0.5423989390326635,166.09495486402034,16.0,4.203414257070371,0.3508301015437911,0.5441351748599305,16.0,5.49959843973444,0.4285739991604717,4.165983563128118,16.0,5.150080529142565,0.562500429916579,1332.258665026341,16.0,3.7235873409598943
29,0.5081338954562429,0.6022326918558645,0.6955758870564527,0.5148981421161458,0.6323523197229031,0.5618608384591818,0.5171424813971612,0.5403215274323079,0.6477000743560718,0.6334293390307871,0.6256634270032396,0.6318870344047496,0.6027885340019095,0.5389679265809725,0.6952053133342011,0.6516036549851769,0.5987138507328444,0.5925398503447779,0.666714358906388,0.6068340504057168,0.666751635161783,0.5992864181394412,0.6649660309724427,0.6751290571362223,0.686371865079251,0.5543940775570759,0.6006585362295364,0.612716124258365,0.7422814615218447,37.92184567869419,16.0,3.614376607442553,0.6036212218880326,13.399422276471789,16.0,4.3712183414014945,0.4487935474421147,4.517027709700717,16.0,5.140871801120747,0.3752873637651467,86.40526659460185,16.0,5.097329147637622,0.3394050859441002,0.8166725196845764,16.0,5.701241096349182,0.29474175193270974,2.393233227834455,16.0,5.910450840391993,0.5195836351138612,842.8343192418884,16.0,4.3118899050350645
30,0.503751455551609,0.5785082260090464,0.6517519020795483,0.5463449848391877,0.5172218863846461,0.567712285161708,0.552460649743055,0.51027009848543,0.5984374882030603,0.6350556732192507,0.5809240290899237,0.5954807731267843,0.6353362695258848,0.614522415779452,0.6207211776826455,0.5814312943385073,0.6346345998488965,0.6970401399833713,0.5391453278744461,0.5737158035662068,0.6966983901513115,0.6631309336417522,0.51228765216304,0.6560843663704925,0.5277190669189288,0.6146144508167232,0.6919445952678989,0.6928040859498772,0.9968337333805604,84.97656446181317,16.0,2.3230800649949552,0.9700869878077977,57.40316910693222,16.0,2.4732164519254387,0.7920602187245263,15.78610418535961,16.0,3.302359412808759,0.6836684462688465,281.38135485103385,16.0,3.7147984306252786,0.6847129263061684,4.614251301042473,16.0,3.7604852228021093,0.597105215046233,7.659439548082707,16.0,4.468620572754483,0.7112967088358473,4370.18552014231,16.0,3.237989908964395
31,0.6909735724437931,0.6915465133940317,0.5626332085956163,0.6339782332963779,0.5213483793444291,0.5033071351298154,0.585636329343845,0.5912515989477073,0.6666774693800905,0.6850163187390479,0.5695564594991024,0.6128493173100337,0.5354006437422199,0.6334099510483837,0.6938000474081307,0.5191223522654305,0.6715088989903939,0.5875832173865895,0.6989833340889098,0.6989076162855155,0.6951056445304848,0.6840170810696895,0.647125869348454,0.5475198698094944,0.6087221684762092,0.5243389581851894,0.6392622864528359,0.5329876798169088,0.5570514979496676,9.491824584619074,16.0,4.818401541738472,0.41865891271262257,6.557155004696056,16.0,5.4244770201897605,0.2719629292574556,2.3721931516439287,16.0,6.011451465219665,0.2159117243552944,38.70554450452711,16.0,5.726242054370264,0.13222869269249193,0.09796655116841509,16.0,6.502677797631005,0.16272589873073084,1.0882046990318985,16.0,6.435773052657252,0.43208142010000383,251.34020549264238,16.0,4.994715531948487
32,0.6406042443162737,0.5565414260153659,0.6147620111344553,0.6046547847310737,0.6231250672283419,0.5817640110960498,0.6029201505872077,0.5556058667394934,0.6866295893611615,0.5518330490143124,0.5177394811836871,0.5614374877040581,0.5334368128512421,0.571384102438382,0.639298470347042,0.6749373973169929,0.5127570870175142,0.6502768132778006,0.6207565662320019,0.6706210065462032,0.6287019533149157,0.5872441088150677,0.5246932858501938,0.6804412625738565,0.6300228319088947,0.5255657174804849,0.5659008261712418,0.5112660912449549,0.6671215780997586,21.735692414062967,15.5,4.023181001530967,0.5903001061253763,10.85397061558348,15.5,4.40463660644897,0.4094363566089077,4.406212974587158,15.5,5.342106542136934,0.29412034699484396,61.57482764235906,15.5,5.375717464161743,0.24452743276818542,0.28564135695334053,15.5,6.104406330423201,0.24619922486276022,1.783325112121864,15.5,6.142022735834111,0.4684661287920914,485.17097723147936,15.5,4.602360124081567
33,0.5122640271779404,0.5994227291113198,0.5327095277433684,0.6541362558418522,0.5785792309650672,0.507459875214497,0.6627637626798579,0.6479283919994503,0.5491781387177654,0.6933538510721968,0.5917353786845724,0.6136143060820404,0.6082488688042054,0.6096189823265095,0.5415271951534038,0.6657636023064537,0.5442884598574917,0.5149066423314674,0.6242225058306161,0.627595713608096,0.6722502676525522,0.6721054746377694,0.6292115121114897,0.6704445124844117,0.6569840782449862,0.6036851718026485,0.6468691485263717,0.5273055289844819,0.877551194084399,56.815679942501944,16.0,3.0671757703712776,0.7450116796847294,20.322085621216853,16.0,3.7582676524445677,0.5628506424372658,6.878464771858236,16.0,4.639545684849921,0.48230366592360957,114.47180315335343,16.0,4.69983466476282,0.3883578079291962,0.7746082192739301,16.0,5.513342635557919,0.40671115828406074,3.5336661576038204,16.0,5.433056065476776,0.5841253225635448,1176.5468244217025,16.0,4.040268193837116
34,0.6207396887909111,0.6458120178260836,0.661772338318277,0.6769710724870318,0.6800016163388951,0.5042960583457924,0.669898664539018,0.6824934960848428,0.5941337160246764,0.6094119761292491,0.5677446370191209,0.510086925169595,0.619985287631402,0.6957340133616415,0.6877781478828668,0.5898340065915353,0.6203097706661397,0.5009263667627385,0.6760877323200897,0.5774228936610148,0.5203062940448764,0.571379324502861,0.5709088031622096,0.6908143217672706,0.5190555467433561,0.5274848091122183,0.6451420997478919,0.6242230674700179,0.8408265324894016,29.80818383351667,16.0,3.718353545127494,0.7610610038885945,19.462225691269776,16.0,4.040599829990725,0.5126587408982877,5.1590037558969195,16.0,5.106751875961907,0.3496276921921253,79.95197973509143,16.0,5.140429939576672,0.39257933827627206,0.9255250388303221,16.0,5.63810863429288,0.31935267341454376,2.509863723529089,16.0,5.960191702543186,0.6076586855425055,853.6815098480022,16.0,4.245309498952875
35,0.6136131951795333,0.5107658775036656,0.689950821015098,0.6169963417741284,0.5297229187092775,0.6727801146820525,0.6301012182847959,0.5429531472682221,0.677553838884325,0.6693403882609504,0.6839637987378008,0.5649061468250173,0.5590627933925006,0.5436754829288154,0.5775955602966364,0.6543325873151933,0.5540571562275839,0.5764878595615822,0.6245342072063345,0.6990024611917834,0.5452919213727382,0.5069758999219094,0.5222649648389945,0.5115252576489124,0.6110356134762428,0.5100727392793974,0.655242849793616,0.6415515171267483,1.023858467881733,82.74488891986027,16.0,2.5215342966356786,0.9598124414840715,38.53442736104098,16.0,2.8565955473160507,0.7587554549140959,13.896584489369443,16.0,3.7735947680400646,0.6880175884040763,211.5307726023316,16.0,3.931774155892278,0.6179837556544708,2.847199821899444,16.0,4.404231263694445,0.5324925855785713,5.663806377014852,16.0,4.943815498564114,0.6978709429153459,2916.1877392630686,16.0,3.464349194074759
36,0.6414550756648147,0.6884274728300509,0.6001701693875255,0.6182308642196946,0.5847176542677268,0.5607335150507025,0.6235830853622262,0.6776393927640321,0.6636214671941691,0.5905390816501056,0.5825179756386182,0.6747668023176082,0.6529119241399365,0.6841554246413918,0.671996670864483,0.654716410635598,0.669874456293208,0.663821555061324,0.6213083252733913,0.5954978062150531,0.5121340324735403,0.6693016333944823,0.5039868173974371,0.5543218649119589,0.5625188805809231,0.5201969727130249,0.6923508537604134,0.6812553064242113,0.9081760918500943,50.76460559761939,16.0,2.6808301437215523,0.9074515358121461,42.44106455560015,16.0,2.7514036070396837,0.7291223200576963,13.425360167496796,16.0,3.6679617452086375,0.6421118352197308,214.5905040024437,16.0,3.8930851755397686,0.5008550969449266,1.3651389541263867,16.0,4.889158814460103,0.5330031402360499,5.673181441559068,16.0,4.7735172494662885,0.6588028920595533,2336.9313049293105,16.0,3.4024845435093196
37,0.5529576837801533,0.6315898658046684,0.636936482924406,0.569830851430857,0.5827241326548045,0.5992588928133946,0.5672795771493491,0.6604983369728097,0.6253635124012551,0.6968341577415836,0.5291578805660584,0.6724857815111308,0.5071139099861567,0.5118314397662953,0.5196960464445486,0.5862200847025639,0.5699712870284126,0.5205724423892493,0.6086905752047106,0.5677046002755828,0.5740183485243745,0.5586899717847286,0.6974921031926606,0.5223312082410827,0.507546435440354,0.5111981596809286,0.6239792702175279,0.5195030175230337,0.77420046422551,109.12775385833301,15.5,2.163087044908731,0.7419042645147167,44.629252092744025,15.5,2.4227405087963243,0.6292878238994956,17.746433525439635,15.5,3.1229315821182473,0.5728276273609408,282.1025059877523,15.5,3.4521192328611923,0.4836609812657847,2.0594467893235504,15.5,4.177782742145476,0.5051494753951726,7.475208232854351,15.5,4.208545446687764,0.5273549488130015,4360.526315058432,15.5,2.937126953676117
38,0.6699397057459581,0.5516161373215365,0.6888323321917237,0.5949513241567871,0.591404086514099,0.5627167228011748,0.6526667338832507,0.6473923687222174,0.5895944813588327,0.5634327743855604,0.6405090515262278,0.5924582450686864,0.6086697605401844,0.5269495828789279,0.6962176516798094,0.6826994825994914,0.5692238293240327,0.6882671165513028,0.5925701367720616,0.502915621047624,0.5502760970890167,0.5747029811343297,0.5262191256944568,0.5512203277210471,0.5774064422787545,0.6243478755837885,0.5781491120660874,0.5585083096952709,0.865429257253821,79.85139141530637,16.0,2.251409690945478,0.8164185474814054,36.18073833880815,16.0,2.616319072811283,0.6673697264291654,14.068421970940028,16.0,3.499990063077955,0.5969590858007288,204.62472830017308,16.0,3.762951246503831,0.5277204919301369,2.324093154789255,16.0,4.376402472016105,0.4855598496961107,5.659914232727104,16.0,4.728618218448862,0.6010033972483846,2792.8104552593272,16.0,3.1500486030722032
39,0.5907527554251405,0.5780969606991562,0.5395576362093191,0.5459339195425231,0.6985293783638354,0.6622703315036517,0.5991247884349734,0.520989034301979,0.5709043425490475,0.681591563501321,0.5413192677046953,0.6283982532338318,0.6869592052812628,0.5692787155409813,0.6150252781106688,0.6999144728557587,0.5309961314729894,0.5234864518592318,0.5772014291094204,0.5568244100143115,0.558775967106602,0.6087273400656394,0.6162381977965236,0.5998762545876737,0.5558138109698298,0.5123341399028012,0.5617249962794475,0.5399419671032872,0.7155622994304172,107.29129908841435,15.5,2.2118728552363667,0.6722263497366213,38.057014137628045,15.5,2.704271474236701,0.5884077771408844,14.376801324534924,15.5,3.3499562489649946,0.4949664647959542,201.3381836725693,15.5,3.879616321754201,0.4302362961788926,1.6028204260161447,15.5,4.534264376564385,0.43817347563622483,5.710302763672341,15.5,4.618978256777559,0.4885252688060381,3015.024278157885,15.5,3.4940786033820075
40,0.641286110484872,0.5056162237254165,0.5595014313427145,0.5271187748440909,0.6139743832904624,0.6952552428880535,0.6722812274180096,0.6857139501521793,0.5631584362966728,0.6911872731520997,0.6362535762137794,0.6364580761018892,0.5309939372512273,0.6177311857800463,0.6625205101235841,0.5658825507662252,0.6228215349290372,0.6538535851740612,0.668255428261716,0.6727127798256739,0.6955784096337265,0.5282463199551992,0.5805163658825004,0.5712465624363593,0.6120476972584189,0.5589306654093537,0.5647869712912785,0.6143220313799602,0.7492590971523299,27.599362041133684,16.0,3.7969792730992626,0.6304071935826238,14.007197192407732,16.0,4.340261696701969,0.4659049188430276,4.972317088217974,16.0,5.156694795365636,0.39101483422809397,87.31376475084824,16.0,5.104921668050808,0.23460246363946363,0.24772345841286236,16.0,6.203708760158195,0.32388182678840044,2.632250431257576,16.0,5.82120806995437,0.5470991405746922,750.9393073941571,16.0,4.290913236068684
41,0.5025155801852705,0.5720391250265304,0.568850065137766,0.5374046033817491,0.5856751932892583,0.697693287703923,0.500589147356169,0.616905784713371,0.669805391810734,0.5324959274368186,0.5958434750045501,0.5908180388086817,0.5110840556281482,0.6069055904129405,0.5777300610055999,0.6063827893439704,0.6242778578741327,0.5010058479635977,0.6339130683837689,0.6067793529761175,0.5579849394493483,0.6152149489543969,0.5321472235730852,0.6039176302577737,0.6342978627243558,0.5212948146668068,0.552386340061448,0.6526530856436822,1.0074344501833263,60.20229783533111,16.0,2.6679195049421827,0.9162927544473389,34.45158192804153,16.0,3.0838045914474126,0.723800943527622,11.352886492429015,16.0,3.9767308915290447,0.5924812596365772,185.3410608974569,16.0,4.24676270340539,0.5007334019126471,1.1409266461153456,16.0,5.04918698031808,0.5286956113260513,5.678235122461559,16.0,4.952079277374597,0.6861763611173122,2335.194443533394,16.0,3.5915521674295556
42,0.6978728551199551,0.6848988964074983,0.6825162378002655,0.604782857459627,0.502501741458849,0.6505221688832248,0.5843431427732426,0.6324419358734479,0.5076111950238145,0.5061078016024558,0.5656846807711252,0.5330002491209909,0.6671019547144742,0.6369649012874586,0.609870121321913,0.5101488507397033,0.5358398570011259,0.6003910075892815,0.6867543104198821,0.5430608431680921,0.6656163520491163,0.5896072166840445,0.5455605549475608,0.6962884219008164,0.5133425707316313,0.5698037374440955,0.598089649277425,0.6546450747373179,1.0256021080871804,82.71382146738785,16.0,2.6131220240903166,0.926405370724209,34.723141365726555,16.0,3.1374686029579664,0.718023457631149,9.509981930559064,16.0,4.071979612141089,0.6094563997477613,166.19892217906158,16.0,4.287024416344388,0.5772214643510778,2.399934540917648,16.0,4.713574715436282,0.4954177601184513,4.931013654108354,16.0,5.175190704817482,0.6920671239733784,1981.4135741204982,16.0,3.713682688745244
43,0.5186482431507184,0.5442590159799473,0.6842285322028819,0.6776137139378438,0.6495920058518817,0.6505079359867705,0.5776226470649322,0.6276439393991253,0.6583340801303925,0.5224201651418736,0.676878136509643,0.6099020333069489,0.5340437320581102,0.6592982933794761,0.5300962516640685,0.6184424096518456,0.6005932282545174,0.6120279017112915,0.6821202577918473,0.6395931415797018,0.557627257860706,0.5161014039089296,0.6389845594468802,0.5075621659216989,0.5978137790602466,0.682003229185399,0.6150133348403254,0.5056374496242163,1.0419084914880405,95.34660455284818,16.0,2.4158284155619727,0.9596819633363599,39.525194470429675,16.0,2.847516322500869,0.7579383739256091,12.675862373432471,16.0,3.7618021927073366,0.685778411325667,203.50397193968794,16.0,3.951678214660548,0.5709552440774794,2.009750818933198,16.0,4.678221159792379,0.5204616792620761,5.279191847001051,16.0,4.961660786488444,0.7220187674040827,2583.5545628738782,16.0,3.2958513986951727
44,0.6350544138843841,0.5956535481808183,0.5121978042008104,0.5609746964598145,0.6311596445785677,0.5384689110686112,0.582766245984292,0.6469090801783446,0.5244734049717844,0.6928607773130405,0.6050925894984661,0.6726641301886525,0.5055729643797602,0.5933118441721716,0.5668454600774433,0.503647546505122,0.6823185169864052,0.583894268168546,0.6946673393209861,0.5669802237144617,0.5911756212991053,0.635884208704451,0.6253118577648934,0.5116665320540322,0.5747835807301928,0.5320954798741737,0.5493172073229541,0.6884575388602376,1.0380593197592751,96.64073174957723,16.0,2.2752828712734248,0.9598873289951022,50.311687181431274,16.0,2.6957572878810496,0.8161170114622974,17.96506949767692,16.0,3.3140446110438955,0.7269137548284176,293.73740076788107,16.0,3.6038725782334855,0.5141898145203638,1.2040249057685608,16.0,4.817754935252766,0.6022926423321864,7.930316771839572,16.0,4.500336439837714,0.6883494309376441,3974.117030932137,16.0,3.249250672202397
45,0.6855396539923135,0.5691501497998667,0.6127024310320875,0.6129576391652861,0.5808033115250825,0.5680436859780278,0.5091268919460908,0.6934162214667065,0.5289493278584423,0.5326294062937874,0.6454593953025272,0.5568867736882153,0.6100813592262819,0.5929003330830019,0.5194902177891025,0.6077261726098958,0.6821226830958068,0.6348559892086288,0.5454118773069222,0.6472276737234177,0.5885721051500273,0.622864606270171,0.5853617549329141,0.652341292731475,0.5971141661405452,0.6703994998041156,0.6839457521440593,0.5132245749683388,0.9787958624967183,56.49563895551181,16.0,2.522023888659456,0.9561339165019513,49.44620578302793,16.0,2.63507230378156,0.7832045551911707,15.645227100417054,16.0,3.4610295568771727,0.6694300122917706,239.7294898195495,16.0,3.8342754130454955,0.6659948432093629,3.51977390934004,16.0,3.986197646991276,0.5433420799064553,6.387637598200127,16.0,4.755991826128978,0.7199406212049285,4053.784318415039,16.0,3.1591891573162045
46,0.6332342712120933,0.650363207195558,0.5716724947912617,0.6958787611318085,0.5847155171947218,0.57678247792637,0.5134372467472076,0.6037423164989976,0.5054982320263954,0.5413867816307228,0.5600893501133654,0.6622124392148466,0.6625846196946372,0.6418416474555018,0.6742249399098997,0.6271741222701418,0.6050677889871937,0.5137830313470838,0.6107411534075082,0.6182348543451031,0.5046898159241696,0.5346011338434018,0.5630527291992279,0.5637353351157492,0.5552181931452429,0.6113240432953363,0.5599285257387598,0.5199563584825373,0.7614373544695152,103.65516650750585,15.5,2.124627047621791,0.7360940066121118,55.393639365742516,15.5,2.4113228330862477,0.6260229760054966,17.48617818303278,15.5,3.0664822901030977,0.565409862023334,281.51189305400527,15.5,3.490344925712149,0.4806014617755754,2.2393439111035787,15.5,4.140123386837125,0.5130848660992581,7.974397657938973,15.5,4.143280887624833,0.5348214975940373,4632.867177035388,15.5,2.946349816691568
47,0.590959627649018,0.57778022688592,0.6184056449314334,0.671278132174031,0.567656651499972,0.6745567202886253,0.5630939364296484,0.6918608150480083,0.6142229492820369,0.6243322623825308,0.566459365566497,0.5632426122846156,0.5982087835814062,0.6238729182988766,0.594497318063056,0.6731632070153271,0.5465407242694024,0.6697229088880658,0.5327070583968864,0.5907516398404634,0.6409118591146044,0.653187123586809,0.6621783894975477,0.5064306557181928,0.5976974446807726,0.6595250229913547,0.5076788408694156,0.5273518328352746,0.8163666958044623,38.63505596858585,16.0,3.5408348990218017,0.6825681016702295,14.119748561903855,16.0,4.216202550109691,0.4465254112321202,4.299192206436994,16.0,5.266377060003698,0.35581380968323717,70.89589595837424,16.0,5.216400979279275,0.3423342777573988,0.6932243769549898,16.0,5.760718971849736,0.29183033951027637,2.3814142280145103,16.0,5.9728859520932716,0.5351854710422543,719.9939215982299,16.0,4.397538984495104
48,0.6305528983103774,0.5607954981816088,0.5708021460628386,0.6618004730267438,0.5699589067180248,0.6983965812267193,0.5994289539494627,0.6526173220660612,0.5132227731519043,0.6921394634515166,0.6500320485396498,0.6297168954991169,0.5199192820437327,0.539212437757545,0.5065228686946939,0.5392616865955306,0.5276182457947353,0.6634880804734125,0.6948443567263833,0.6863929778847869,0.566100638889886,0.6492410199930774,0.5627420036001732,0.5994004908092115,0.5186724212169173,0.6055375872403732,0.517638349257921,0.5105644479037691,0.7293643739410828,66.52788957435249,15.5,2.354374463990559,0.7141214577031205,41.779473935693424,15.5,2.5142581686445284,0.6034475686105069,15.320125213412078,15.5,3.2848272083164276,0.5443432273608463,238.4214771754742,15.5,3.6137091127352776,0.4346115373458213,1.3727273869117258,15.5,4.489556974113126,0.48268463753100777,6.54341545806034,15.5,4.338274954820549,0.49884195331255665,3484.812282836594,15.5,3.1943693188736915
49,0.5888194333601955,0.6960833985649754,0.6335675195135508,0.6564655051949058,0.6005433791294403,0.558507851355881,0.5221355253985906,0.5165431384083922,0.6611974909197439,0.5780614676860422,0.6527872296135553,0.6412983916839611,0.5134513192200691,0.6854622731014659,0.6905693131171613,0.5176616484864563,0.6302918375654125,0.6495797549163888,0.5920753363638469,0.6917523264044645,0.6524669728722262,0.6375899639589707,0.6414919992861051,0.6669153398780422,0.6519024622955389,0.6408883094307244,0.5455603462034692,0.5755850678527487,0.6099793540021646,18.620060160005714,16.5,4.115742946744958,0.5363833497087382,12.693177629847774,16.5,4.478872629730463,0.3782875516880363,3.929358351087373,16.5,5.3369791972359835,0.35048920003103684,77.58656323924822,16.5,5.147045632998847,0.18406299162514708,0.18925906321604716,16.5,6.28633720084504,0.26359663353219775,2.0611162858638314,16.5,5.988766730644542,0.4820460851773173,536.5322107730218,16.5,4.40842193640773
50,0.5341606281257686,0.6334727465295076,0.6725085374657025,0.689359822931625,0.5386494764253578,0.6679825040590943,0.5711982428891124,0.6761072911137721,0.6231632930884734,0.5487084207530171,0.5520914894234275,0.6860458670712072,0.5747042830462771,0.5044599966010086,0.5196372160985647,0.6818947229667228,0.6518874417678603,0.6985651456499168,0.6730634275392874,0.6555503289323317,0.6878151593666116,0.6768920424731479,0.6474003394762019,0.5053246994088456,0.5095930764632604,0.5033627993520856,0.6823931628002563,0.6938956845279987,1.0789639628184948,89.92787784189018,16.0,2.2979857358143976,1.0105968101263723,50.29740114821484,16.0,2.6315165149929287,0.8506391355843896,17.85245580546097,16.0,3.29551428134236,0.8197872558444472,313.914859646677,16.0,3.4086690805929187,0.7382250981410056,4.640752230541067,16.0,3.721711121966843,0.6693470588397831,9.006618086814507,16.0,4.300761078881735,0.7157694135038346,4966.697980626924,16.0,3.2512851279149766
51,0.5181413811958049,0.5276773401957991,0.6927717286625156,0.5074304782197144,0.5449132145687777,0.5657741249098039,0.6767545461289718,0.6380150139223802,0.6240746561923395,0.6603495679201773,0.5658251642198228,0.5480371531971239,0.6399419670040295,0.614000688953377,0.668816604335895,0.5418730223024572,0.6116828938260873,0.6883654292311978,0.6426063995733419,0.5714590140930255,0.5815990636281931,0.6386453041004074,0.5614954664819984,0.6818141098213812,0.562892511170111,0.6349589784092136,0.6291969602909143,0.6442138236318063,1.0335361724632712,72.08819328391715,16.0,2.5421901348567015,0.9899782970084472,46.60086981458848,16.0,2.7731802645854247,0.8051250477532498,13.563871696707604,16.0,3.593593025428004,0.6814258560957391,220.97446560785514,16.0,3.965163110442454,0.6954292693156495,4.030819485290036,16.0,3.9995017021295594,0.5569174510258282,6.36645209270959,16.0,4.83655296687144,0.7235800842211996,3264.4328375186515,16.0,3.4179476427984414
52,0.6172579321818005,0.5924335815510566,0.699775363747033,0.5620254767249049,0.5265385261568798,0.5013026373911872,0.5581162952334149,0.5311616691067144,0.6573225610579543,0.6933035882699872,0.5257212956581717,0.6626407269251892,0.5467271541576075,0.5242182280794478,0.6619529834740739,0.6428540553811823,0.5057967541968136,0.6241441251995486,0.5314747803218262,0.6089241409763334,0.5151994684898343,0.6847852498230911,0.5600419610375496,0.6348390393662017,0.6566307176448759,0.6774984443635156,0.531387092908176,0.6192771194237899,0.8505086228326112,75.38240719526165,16.0,2.4966313603558277,0.8285812069096183,39.28472949257875,16.0,2.721484029489081,0.684746076154649,14.651823240369549,16.0,3.4916332053655745,0.5996788969347769,239.2103051759442,16.0,3.8263315184887694,0.527800253399314,2.1797093552030566,16.0,4.395655487776294,0.5107381000471661,6.313594284565519,16.0,4.665409325385805,0.5705516307289998,3130.122290793667,16.0,3.4219681314513983
53,0.6055162355711451,0.5513399202378135,0.6827411900251438,0.6389636736172288,0.5994253511283716,0.5903815565872461,0.5759918695103691,0.551128222082276,0.6374873175098248,0.6580236058354201,0.5219356586644074,0.6728351736155641,0.6016311754283361,0.6712087535621359,0.5407879782608894,0.5862425401011012,0.6791668281177539,0.6691960029649586,0.5365594973495593,0.6428571794279349,0.5992325871672035,0.5983241205507809,0.6253404591987791,0.661150903642569,0.5085646500783745,0.5620817404323121,0.5347528576610411,0.5180810161106443,1.006739689512656,77.41144097555988,16.0,2.2772515282925374,1.0319985985644407,77.71854014769715,16.0,2.2162435078475013,0.8768852717113704,26.404208143402812,16.0,2.822324000190166,0.8063799791299239,391.56567680081133,16.0,3.1517236521925778,0.6824025319835271,5.4178373556333135,16.0,3.6441655449117847,0.710745404137873,10.816368360418016,16.0,3.8824037924906185,0.7440779822863774,6797.2533968471,16.0,2.7234794375852722
54,0.5907724644896326,0.5792814597409358,0.6313615897549962,0.6601711612727149,0.6942584593810237,0.6196543520896717,0.6617263875587828,0.645664687701071,0.5074058831407872,0.5629579000690182,0.5425198498525435,0.5558931849137646,0.5545930869293424,0.6282852829226107,0.6404060304465378,0.6436554758693157,0.5731245126094882,0.677804388741851,0.6571975848055779,0.5558739347849309,0.5903639417534144,0.5816606117401039,0.5358415131485863,0.6679014735503996,0.5614562054682655,0.6841203553733562,0.5144318597753181,0.6064670164883358,0.9075443871557966,66.20886056251557,16.0,2.7980465708940496,0.8322113250403345,31.27395264749565,16.0,3.2316755638902723,0.6316563143581224,9.216253349546013,16.0,4.216037468543146,0.5283228162279497,154.68649879835925,16.0,4.44744208835001,0.4887621944146793,1.5058635664800655,16.0,4.92743393313739,0.45037976619534764,4.665999906076989,16.0,5.191340096150285,0.6135130218294658,1948.2195157059139,16.0,3.8503399379351486
55,0.6058218235827446,0.6605103344222013,0.5064360227879704,0.5958178609520284,0.6762372359381909,0.5541458596962593,0.5771709826197079,0.596794446167753,0.6111207496151654,0.5463366573239649,0.6943593406239509,0.6964804540230121,0.6630615078314853,0.6663761118978158,0.6317297443821231,0.5421864831232478,0.5227427476996686,0.6266576925027822,0.5025097387558786,0.5292385027745424,0.5986977805566969,0.6446365231093658,0.6029605120794901,0.6057021381231175,0.5471735950244384,0.5967543832600866,0.5677567859743198,0.5474007507650638,0.831455057932618,41.77178888004545,16.0,3.3287006952168827,0.7159203774555821,17.25723053415384,16.0,3.936054289637598,0.49997903846680786,4.96453631394901,16.0,4.958174647322737,0.42654729148878834,100.02418836244097,16.0,4.941591935073111,0.23720439365794965,0.2123449135290322,16.0,6.145275223706809,0.3123966188934769,2.379652904591541,16.0,5.869052850722451,0.5417145668999904,750.1146919661144,16.0,4.334452548525055
56,0.538292496060515,0.6858668636872858,0.5701972534466774,0.5923783614848369,0.6826773334111336,0.6432686548247974,0.6679284476701395,0.5727775626239583,0.6325430779859973,0.6072600967791304,0.5918447816619258,0.6381555727247212,0.5623069815243474,0.6920161567942711,0.6867557656963608,0.6524175169067463,0.5056631927102498,0.5230392625386128,0.6667005534584078,0.6902111999694158,0.6021026760618973,0.6481402774659473,0.6528988942582337,0.5273166411983733,0.6009618439214656,0.6481792651903009,0.6681413531426758,0.5620922884257811,0.5296788511702949,16.883669589951666,15.5,4.762452081941333,0.3986342819545092,5.985170945311964,15.5,5.39183802284988,0.23217122652450367,1.8330938519634934,15.5,6.0941767339649004,0.20340397785789593,35.64990516455165,15.5,5.692373227955555,0.12369631255069677,0.09550260068014517,15.5,6.571190377577115,0.17646054242059392,1.1589990617449868,16.0,6.411205935870527,0.41337275411850943,198.75272435256315,15.5,4.93951339613264
57,0.6784865538278363,0.5682608718248509,0.5422348137930105,0.5911707226026855,0.5437138553125538,0.5281810418757321,0.6178317446636199,0.6294545064721598,0.6538034694777048,0.5114467290322215,0.5471666223369182,0.6293731982835158,0.6190937158701874,0.5024813188850434,0.5513798053232987,0.6499920797797047,0.6905976364527654,0.6848970292526831,0.5573312257340615,0.6499876389708338,0.6848897686304174,0.5906328935563264,0.5432418042242944,0.6065252707176926,0.585154555743723,0.5806264067883578,0.5751819944785217,0.5159128668242321,0.866370513397128,42.64262040803062,16.0,2.6223676789470938,0.830653453608658,35.29948674435668,16.0,2.8924724374603485,0.696895126274999,15.198925156201401,16.0,3.5858153414087095,0.6315864600775083,204.3520012627518,16.0,3.807935155075876,0.5153720343524423,1.7117519232030265,16.0,4.601635674859724,0.494064355321031,5.559083112833702,16.0,4.844565185882701,0.6109470128891844,2849.4835435347945,16.0,3.4040246479950897
58,0.5103592931901011,0.5295923046111987,0.5758494874440337,0.6915517344626122,0.5530449726835885,0.640517914898353,0.5276327619144475,0.6755026006114927,0.5486559609332463,0.5241275074764558,0.5740160206353355,0.6783529814811997,0.6970281406608797,0.6756210357991066,0.5700098754120789,0.632499353807666,0.5625482104389757,0.6399460768457798,0.5556917716236349,0.659068877700738,0.6318230395008142,0.6416575860274194,0.6539624143292894,0.6599376130495862,0.5496797068447897,0.6266196414187261,0.6341433063766969,0.5439641247126601,0.7898084107738512,62.96770751496853,15.5,2.6363278894445896,0.7644721773492775,37.399066581906794,15.5,2.799220434727281,0.6175266974606152,10.511569743274551,15.5,3.739652405928461,0.5721503471334171,199.4205107459035,15.5,3.86827255614421,0.45973838471907746,1.7708840802281922,15.5,4.686214119090818,0.4643789934211254,5.377567172456497,15.5,4.786746580378753,0.5630937343042964,2508.2265350124494,15.5,3.524353371174061
59,0.5129312143742202,0.5258856193301218,0.6148390931028732,0.6748395503428064,0.6428801599795267,0.6138065233098068,0.6606020591170589,0.676701438841893,0.6352330287988758,0.6109890526438292,0.5916029337041788,0.6562606996213796,0.6281924427740257,0.5556720326894636,0.6877118346195381,0.6069425526773254,0.688534830872951,0.6135378324472506,0.5872100126503574,0.616047953728491,0.638138328925561,0.5430968396023327,0.5911638983731166,0.5703886129829525,0.5599888495996919,0.5574947968165695,0.5422863018518125,0.5719721596198847,1.0476629998706284,90.50421589152963,16.0,2.201749436678291,1.0144724640678686,58.70501260770743,16.0,2.424641065794109,0.8756603462597722,21.980719441214223,16.0,3.0016918577731295,0.7884566071316288,337.8495218420918,16.0,3.34372045885012,0.6771519006921488,3.5062569844583225,16.0,3.8858557727700647,0.6982402114950899,9.199866455759532,16.0,4.118187693724108,0.7581088306103217,5543.126740174247,16.0,2.853171128293528
60,0.6196859549628169,0.5430686905847426,0.5487870908087124,0.6446461807607703,0.5743513475489075,0.63403657057332,0.5252882961955156,0.5420694103441405,0.6714601429441279,0.6161278900563812,0.6975786769702529,0.6654171552563918,0.5881929757842415,0.6516748330140161,0.5909860885125262,0.6526724966963431,0.5620868951809546,0.5148877367447692,0.6129900391788269,0.6508108770475628,0.6857189696786131,0.6424085787483043,0.5086892333628062,0.6115470763264229,0.5170906931453436,0.6485417974937314,0.5183959326265679,0.5014042629200515,0.7335082828424634,26.619325994708408,16.0,3.673577958894868,0.6265385877197617,13.713282403610151,16.0,4.219300536393913,0.4440067747180876,4.927364890537321,16.0,5.137590056263899,0.3731988491168307,84.48922805257713,16.0,5.067277446182851,0.21882142967597132,0.20972433208429966,16.0,6.232549055134553,0.2964107262377094,2.31056488685774,16.0,5.9071511261948,0.5208016365537192,656.4881183445875,16.0,4.295580395033023
61,0.5090893552166186,0.5075870795997153,0.6709384076820972,0.5112460926980953,0.5719177291958552,0.5524715427139575,0.6961069350919713,0.5592553686619081,0.5830796055866345,0.6259540563984715,0.6137969226237913,0.5034864386117858,0.5770298905899429,0.6708145210445066,0.6250056177283448,0.5453380133838829,0.6190186530734552,0.5745642388100404,0.6423931833144251,0.6826074108795077,0.6470631053310191,0.5560091475726135,0.5844641421288087,0.567427584418253,0.695954789865386,0.6987444158474504,0.5761383437859126,0.5814356297690854,0.7667054859617148,65.58830657991655,16.5,2.6478699465556783,0.6744654079677448,26.537399960342125,16.5,3.3255418841416122,0.5582424478184088,8.226442720159657,16.5,4.0728377862206315,0.43663151715430076,121.57884458749872,16.5,4.489933425347709,0.432351289962302,1.6452426847269668,16.5,4.826033720447874,0.38468515463900815,3.899177962920341,16.5,5.222238771174258,0.5262601357650172,1587.676017986251,16.5,3.7324442202534396
62,0.5089586887537967,0.673018246870842,0.6955373887160486,0.516476810364132,0.5460207645363956,0.5546607232868151,0.552391875740662,0.6819020981092424,0.508509820636937,0.6615625855069633,0.6386488617605518,0.6879200823731573,0.628906654418082,0.6595589663937155,0.6505561912810722,0.6698054201445656,0.5325842311162974,0.6018738973956821,0.6884540968772901,0.5750782221228162,0.5384301075341026,0.6254200299762147,0.6250388149641714,0.5076870731330873,0.5484784811068399,0.65396510208208,0.572040415077141,0.6644984387198405,0.9650567506563081,151.1632392507882,16.0,2.217927806476967,0.9046796859780939,55.39032210687981,16.0,2.5779131891958214,0.7323075084792652,14.53481125070793,16.0,3.4117601254716807,0.6826714202250699,291.41722389028473,16.0,3.6152808663966685,0.6085687103299408,3.5026988432921713,16.0,4.027773021856503,0.5911535355446372,7.917923540107518,16.0,4.311737410578631,0.621092611824891,3975.142896690445,16.0,3.303792678535547
63,0.5150612091246898,0.5221531622948186,0.6812226517031158,0.6988711388073711,0.5426002367226739,0.5944921156601268,0.5348893152871137,0.5137422583040201,0.6680718088805746,0.6707837854141607,0.6970506571558637,0.5130674060435656,0.5976327785693044,0.6665988934736333,0.6613879937331151,0.6082329372282436,0.6831606786180922,0.5910696111493313,0.5880306401726247,0.6807965095678994,0.5983564120467669,0.5935999762324792,0.6279466431806111,0.6057859546892223,0.5064673265633561,0.6731703349121541,0.5746950801277217,0.5709335189739043,1.021564116357386,57.306804980014604,16.0,2.5056799961107403,1.0168856226308496,51.45964158093319,16.0,2.5664944349922463,0.8033969240382196,14.88143475607161,16.0,3.5043251282637016,0.6614608623146316,223.0395819451114,16.0,3.911880571665706,0.6614671932456255,3.6203202974071216,16.0,4.106043591810106,0.5709793739375663,6.755524218912468,16.0,4.732215044043354,0.7835447888184117,3741.4099550280175,16.0,3.0709243955518573
64,0.6394589020140646,0.6121915855466292,0.6380607698252244,0.5386261826391635,0.5926621254670666,0.6805717290231715,0.5421518205165125,0.5046780748546971,0.6245139780203244,0.6313115633431319,0.5680374892119276,0.5561245588765337,0.6457051754934747,0.5670639879511397,0.6172117022992456,0.6138503140920217,0.5382285927476727,0.5275921193652054,0.636401635465446,0.5857614935752585,0.6722115636149476,0.5626434874730835,0.5531902741813293,0.5620910191920871,0.5825826428585029,0.6466724319456912,0.5793368933692102,0.6124058897371962,0.9292571501008631,73.94285418734512,16.0,2.7365075593637993,0.7965281170614751,23.296954826397624,16.0,3.4588162827927693,0.5966506126114531,7.772821724484336,16.0,4.45013538219524,0.4840887599687571,125.19726517597289,16.0,4.661652864378139,0.462554945198847,1.3358709906453141,16.0,5.169628259074422,0.3848606686583056,3.5221769393938156,16.0,5.529441008456024,0.6464224483249341,1306.9554606947154,16.0,3.7808352268444576
65,0.5504967796184127,0.6957842809760926,0.6083410391860904,0.5533844212788778,0.5184135198827601,0.6347790206289036,0.6752454154469657,0.6043677674540783,0.5781613376194804,0.5370078270599259,0.6540434946805923,0.6117158834567277,0.6268200766259908,0.528798719424693,0.5130925252759577,0.5574949025926167,0.687183442035324,0.549444543848343,0.5287299725271376,0.6933749075905898,0.5589023455437623,0.6862237122014744,0.5993990113546152,0.685295849737554,0.5241716981691533,0.5224178410066224,0.6552681914071429,0.6878206739968765,0.8384312789397987,59.75035260063487,16.0,2.49067057239675,0.8824859419668848,72.5844550359171,16.0,2.2709557269698086,0.7455296928081095,24.39043013175067,16.0,2.8718805610682603,0.7181129658448417,371.6637070040311,16.0,3.1717022452212693,0.603844095281531,6.342100824052974,16.0,3.499845898342867,0.5965160825549732,10.259908429376322,16.0,4.059110499509957,0.6259692067671975,7538.8498576995435,16.0,2.779627767043663
66,0.6272363023166372,0.5434904831981814,0.6071739486039595,0.6367181341106573,0.6991457486937119,0.6479821548647487,0.5430705055347247,0.5061522402595673,0.6322204795484997,0.6557538211344374,0.6378974282564008,0.6858909592502909,0.688300304787537,0.5077282084901438,0.6142523223927973,0.6107084191180474,0.5483683046553589,0.5829655829775048,0.541922419934492,0.6854025178006945,0.5088935282892059,0.5507084690533979,0.640862048852979,0.5032728572633249,0.5245717154056085,0.5344428159494572,0.6985253960084709,0.6160900695634864,0.7305067314205566,115.0723132899126,15.5,2.0512500465878043,0.7119129406864894,51.902552405104785,15.5,2.2958734436373094,0.6173560677831815,20.870639515872547,15.5,2.8816753451325665,0.5913887275156581,325.16571274693183,15.5,3.1471004374206095,0.48907364242157,3.226098200990071,15.5,3.8356317855189204,0.5222563648142853,8.903290669635153,15.5,3.927000874661302,0.509911225865301,5402.234868079272,15.5,2.8429231513308806
67,0.690177368743125,0.5437743219401711,0.5572594040380411,0.5306933143443427,0.5368389692387818,0.5880197759334571,0.6134185804173286,0.5227581192880716,0.6708589315077901,0.583853679664146,0.5299882862758958,0.5463163100174796,0.6128006804599602,0.6121616591665557,0.6976452394369972,0.5461530575802606,0.5224771760558327,0.6158200632666601,0.6079187060860998,0.5472014965879508,0.6588650930376785,0.6281994417390553,0.6747565730441366,0.653260385876607,0.5622240287790344,0.5224494807858073,0.6484730244251593,0.5850470106632837,0.5591430740991395,12.236831292522377,16.0,4.880551856385091,0.4415474214528194,5.833722775328995,16.0,5.361478982111855,0.23908216225906165,2.2563580177568303,16.0,6.171884591130937,0.19594902876996484,34.43511030187222,16.0,5.803799792065783,0.10593257909708557,0.07821743334754844,16.0,6.6302506613120435,0.1630438215673124,1.0680864892491666,16.0,6.451559340252321,0.3892431568040519,225.2809487207046,16.0,5.111492792219729
68,0.5355017091219259,0.5536833458289608,0.5438026863232474,0.6352027252798729,0.503247941825119,0.5474998660265054,0.5939911015256163,0.551375424936387,0.6380875859172921,0.6373150015170299,0.6918114892512426,0.6714133599915636,0.6529001403586396,0.57752902797707,0.5249277106212838,0.6141687167236001,0.5560219541834557,0.5832208496188678,0.6341347780686888,0.5650484405354618,0.5573716250303793,0.6590494324128713,0.6583044213492218,0.6554194583281304,0.6811637426450056,0.5089399433256456,0.5232761241906222,0.6948182899479287,1.0195829526912892,91.10118759627876,16.0,2.4343286261854242,0.9534668600494407,41.34198678221603,16.0,2.7893116968782596,0.7772283168177847,14.477127588354458,16.0,3.6347403782849863,0.6605890735702034,240.95003903055616,16.0,3.9535600291610153,0.5592783193276225,1.8051306317990103,16.0,4.680735371618987,0.5742851084728188,6.682996842454883,16.0,4.710911239883809,0.671697259483312,3103.437518117088,16.0,3.4500489976216984
69,0.6441251064283477,0.5373775755748929,0.5983887123872391,0.5293597988371861,0.5379313267042575,0.5534963283702468,0.6657169741023622,0.6457756086718376,0.6697389328997173,0.5778097759009727,0.5450777314835541,0.5877988994218887,0.5801465300967116,0.5507962990924966,0.6848386930962959,0.6073446594549595,0.5282996236250256,0.5002362744544144,0.6799688314876932,0.6804637657137156,0.6525784406833631,0.5462086039724254,0.5930152527798727,0.5262331981869964,0.5205268064507064,0.666576747116792,0.6084346634519564,0.6604501662424993,0.7489479532833091,26.082796171273866,16.0,3.9545871147896916,0.6313416137951692,10.802330143330382,16.0,4.538386658294348,0.42587581025514254,4.3468913857777185,16.0,5.405476272525293,0.3126615123079616,64.81815335305554,16.0,5.393860053773749,0.2104746363050127,0.2569089834651224,16.0,6.282088599027276,0.2660569611796583,1.9734753423149318,16.0,6.146550811046305,0.5444745561077704,490.13140589865213,16.0,4.489179582758701
70,0.6097132427262297,0.5228544777241765,0.5034312850988916,0.5471130433522728,0.6626140093689726,0.6241614892201724,0.6456048030003358,0.5138699702231794,0.5770355051970808,0.5566940921704557,0.645382905816081,0.5174510965088963,0.5465755151994783,0.6288516417898821,0.5494679697972485,0.5757222080665729,0.625254863266103,0.5544618606140759,0.5212145196075904,0.6754235627415255,0.5724645245660231,0.5295778790511759,0.5752179554002071,0.5618850572286657,0.5074065135331287,0.6177501361808563,0.5187939303500726,0.5433481428286229,0.8234195735648383,45.16811183192418,16.0,2.847810750721271,0.8081239678070661,32.79114273307733,16.0,2.9774207404388857,0.6207878305036795,10.359577458747848,16.0,4.050764220075995,0.5073172850978479,152.15299787685063,16.0,4.301629851333543,0.42456425140869647,0.9770168101477392,16.0,5.162271626726245,0.441649091468237,4.452795236294088,16.0,5.087463696590655,0.6102253034264323,1899.7778474687743,16.0,3.5482175988724634
71,0.5600552346655574,0.6183770149747477,0.6796795514498287,0.5515783418133917,0.5564951602570137,0.5708232456025555,0.556652431170052,0.6554673075881157,0.6442808779540887,0.5106067653432543,0.5230948144836612,0.6054995516369891,0.5150679634691943,0.6032463721544755,0.5465927645563345,0.5455857314781787,0.6375089436088798,0.5016104790479142,0.5770944620280394,0.5773637402760908,0.5472601306590968,0.6760372398736287,0.5357910183869314,0.6923005247890063,0.5204583708327688,0.6291809600337637,0.5398995077251298,0.6311435590729998,1.058705952449751,78.12175456911274,16.0,2.344726524535806,1.0556600568024863,63.364383697982504,16.0,2.402097449879535,0.8487726731906221,19.650640760868992,16.0,3.2499836429572184,0.7470843500680918,323.02866964741673,16.0,3.5817219489749594,0.7066698538671008,4.1323318639196485,16.0,3.7274849766637557,0.6829708871459356,9.190271663130268,16.0,4.1952543785387615,0.7418857299152332,5187.903310775282,16.0,3.0865591898697904
72,0.5745814496340012,0.5359499140401679,0.6480551195523048,0.5728404592095175,0.6234595769934429,0.5626967296398616,0.5709669719870323,0.5770795881763373,0.5378807173679373,0.6153222880482482,0.6891076956313591,0.5276640699022467,0.6314941685750177,0.6725096417107045,0.5722552161487495,0.6494144615060478,0.5551930050444882,0.5107004982775156,0.6481409475744391,0.5984167008985957,0.6019290438674646,0.5677034756029614,0.6480300062531454,0.5902870168765256,0.5260664781363064,0.6288714662023474,0.6284641906266215,0.639808856812882,1.0175316002885786,83.03077670514298,16.0,2.6286206229703506,0.8943373897241756,31.41801580385524,16.0,3.2211059473193058,0.6597333890365855,8.189323837639025,16.0,4.303228221807435,0.5485463116197544,139.52387627106603,16.0,4.463104062948879,0.5876143872529259,2.5156092955011915,16.0,4.638126028428064,0.4303850905131084,4.26129913816732,16.0,5.408518962099562,0.6843548218096844,1763.9392235879138,16.0,3.765531404979572
73,0.5822679354736622,0.5971682182775805,0.5188873275272897,0.6476498341615381,0.5577958798999267,0.529232778518873,0.5311751682249447,0.6925756320469794,0.5449724678971138,0.679119733224013,0.5757376782896422,0.5808484855180163,0.6745825792352081,0.5495183452982938,0.6976852363146622,0.6294595799374513,0.5107675916337299,0.5295909520796669,0.6184139509438408,0.554465415889493,0.5511559540976565,0.5668078871262643,0.6586094965168285,0.5671404817429011,0.5387446364040459,0.6951611149237251,0.5714933177572519,0.5900147725469046,0.7526904178892007,80.39938164691151,15.5,2.432711229974113,0.6899536224345826,28.542479690143086,15.5,2.9861624804094595,0.5608662153504562,9.504780116722962,15.5,3.9157009291031004,0.48537460581614295,147.21367011347897,15.5,4.168442889490697,0.3978876654662212,0.9930384767076779,15.5,5.062236340324944,0.3923211099831428,4.219517620496586,15.5,5.099894698177189,0.5276590818241634,1781.4488098580146,15.5,3.5206138069639943
74,0.6130815316169834,0.5652154299735086,0.5751947554076219,0.6827558112610258,0.5199689655714702,0.5602078225917493,0.6305332238539805,0.6467056952029403,0.5121057918928954,0.5440447768767981,0.6828320235819328,0.6577350391619823,0.6142526808528029,0.6424914899305799,0.674324001942918,0.5760842785002391,0.6883826772142653,0.6911161769417724,0.542306581248862,0.5639751914276341,0.5294963216298728,0.5380906523422873,0.6842925304757919,0.6430604960674425,0.684540282063385,0.5957434286814556,0.63973778344695,0.6632122288403948,1.080726946889838,89.5511679379958,16.0,2.305384947125236,1.0388755948872506,64.00293875436424,16.0,2.529127889100423,0.8990902121623577,20.963775763785964,16.0,3.070353438883391,0.7898033277041158,320.7944618566407,16.0,3.523102397591751,0.6383542699217813,2.7553277597452976,16.0,4.182840866219767,0.6687290634624954,9.087315730464738,16.0,4.339491605577256,0.7643368901186957,5006.667750052658,16.0,3.0758847574281862
75,0.5406156866961535,0.5211481544258725,0.5977152690392752,0.5349580519894575,0.5673996088725237,0.6648784394041813,0.6773920942366084,0.6674749418370933,0.5511063908986716,0.5808540617302824,0.6476560101152221,0.6852933327716346,0.5566870553812788,0.6566502348464033,0.5920511055228566,0.614821495778662,0.5388994365101264,0.6223407545638886,0.5781472329294217,0.5578214589902655,0.691767149341311,0.6900539107862964,0.6874868835716652,0.600269102613559,0.5119456876686553,0.6357500377523477,0.5476825789400085,0.5657605555177768,0.7125111142782278,28.66526937598788,16.0,3.925869210117614,0.5485686175664971,10.934316859607408,16.0,4.727512260007458,0.365200625517387,3.1111458890810537,16.0,5.567516966616877,0.3304712446139588,62.057494932629396,16.0,5.362842787764158,0.23697094700673485,0.30783816595338426,16.0,6.156742598029104,0.25050680438282014,1.8852487571076282,16.0,6.180333794543415,0.49053713516327097,517.776834767554,16.0,4.591734965468388
76,0.6147124599579112,0.6321170626448009,0.6276433962139791,0.5115056210608803,0.5673824216838679,0.6890613538443656,0.5696431912763965,0.6632640996921073,0.626675033108046,0.5110898481576639,0.6749859185782029,0.6220054228120182,0.5463266053875546,0.6442252510359807,0.60818099826396,0.540420118704173,0.6621126946294378,0.5379918568136314,0.6670969382393149,0.6002834671071653,0.5442982987294417,0.6747192881226113,0.6069465011443969,0.5127724557593887,0.6926276573838512,0.5007648780284419,0.6212604846051154,0.661764289683547,0.799662023698659,46.720598221971684,16.0,2.9426814265782006,0.7049749170959446,24.51678830884218,16.0,3.532087247857333,0.5692761681088776,8.207059774327618,16.0,4.337589919322182,0.4537170384550783,132.10472352149657,16.0,4.584623259563428,0.39073058662152615,0.8128692447358762,16.0,5.33044485895539,0.3639072892275477,3.536978766906322,16.0,5.4940439349647825,0.5578597172355886,1396.5186226597598,16.0,3.858615691874913
77,0.5692500525732885,0.5161497229960419,0.544907544026893,0.6435724638528548,0.565780111046748,0.5956881799827388,0.6730541519853739,0.5411144762646727,0.5958469511202346,0.6925509911659178,0.5791872523880964,0.6992020852405206,0.5299514980281365,0.5485649411848286,0.5547661532272135,0.646413692446676,0.6567558281431748,0.591766037775826,0.5089835748984097,0.62375989300325,0.6017612205973941,0.6279514552250801,0.5530374619048297,0.5134133375079557,0.593073684729425,0.597445640682534,0.6169001979593454,0.6657654789341826,0.9133370440246453,81.12226193573227,16.0,2.358185659700106,0.8818354659137417,50.776573845198165,16.0,2.5754981807116,0.7442203127467402,19.389340458491805,16.0,3.2792820846489716,0.678026133531254,297.8690791686917,16.0,3.577137783017507,0.5384325535973393,2.0052177934822293,16.0,4.287660373758111,0.5797059944596149,8.050286489716052,16.0,4.372143881522462,0.6447386349276644,4592.781404350351,16.0,3.1740147899645548
78,0.589772423868167,0.630943593874102,0.6723640928993642,0.6575958040505826,0.5095396509575867,0.6748696843841119,0.5528375182977052,0.5050470687087494,0.5129134731847207,0.6177774582503224,0.6661709864924836,0.6196012167218996,0.59059864773726,0.5672167779470101,0.5992610432782981,0.5545890363751337,0.6084713862998825,0.6744182841970648,0.5927432772460883,0.5471820598803374,0.5184065441634951,0.6648884874615414,0.5997694154574118,0.670030849535879,0.6556300412729723,0.5910438031292242,0.5643218048118727,0.6450893224344248,1.0640912676263592,102.22110922533275,16.0,2.2609087576992244,1.0372465747429116,63.232734144578544,16.0,2.414842898939301,0.8584132917525192,19.118419854061806,16.0,3.149944252162929,0.8163927520065114,346.729533629501,16.0,3.30858196430455,0.7067227411865575,4.48483683351185,16.0,3.8295157156092077,0.6816759645129671,9.325859591893964,16.0,4.192177169195555,0.7396725281721227,5693.293518869606,16.0,3.006512784224219
79,0.6012180541890041,0.6081098468590278,0.6126248320461066,0.6207941144728288,0.5792661955470169,0.5636236297748455,0.6406436749029901,0.5250519988045916,0.6786033915308146,0.6263141587945789,0.6514670041079104,0.6626401241209016,0.6975882915647538,0.6582208417522347,0.5178665795297889,0.6922976046884929,0.5372970805384064,0.5828909046664565,0.5360422359984129,0.6467700262694801,0.5634155070536528,0.5879365485944871,0.6151907947289245,0.6788002681426272,0.6858104833398068,0.58709268409694,0.500943263117386,0.5324909804631972,0.7939503088050789,48.76283573280908,16.0,2.995140739349179,0.7274302031135617,22.761637698797866,16.0,3.41118657774079,0.5501802205065023,7.670738374841647,16.0,4.4130657944832645,0.47150159674095543,128.09455276982277,16.0,4.537446745242103,0.37732517620188816,1.0031973210607088,15.5,5.407904543702252,0.38975731698373994,3.441590223618618,16.0,5.369500325804375,0.5819928224504752,1082.0225897292396,16.0,3.8186174661349805
80,0.5051216466591123,0.6019039321755826,0.6753864022641649,0.6103766556898697,0.6184998443191365,0.6535501118327813,0.6811606950859477,0.6329223921125106,0.5545586043863137,0.574143702159474,0.5998170175821549,0.5062519499346124,0.5423858760345517,0.5895403409860327,0.5121376976615426,0.5296770560278702,0.5705217528542443,0.667298920264493,0.5861014183584867,0.5084264947010614,0.5777296800655775,0.6649564450069543,0.5664900592474433,0.5224666496784716,0.6468109316452516,0.6227460297034401,0.6225613853237142,0.6685035314962995,1.1085647566083563,140.5073018588237,16.0,2.1871010719816004,1.0323725239973736,48.54337459771744,16.0,2.5722173711447445,0.8241118340724076,15.147702201843899,16.0,3.5183169149678357,0.6733785313930987,238.6983484324983,16.0,3.967876483479123,0.6988834198408119,3.809004579125983,16.0,4.033554117666793,0.60342543010802,7.314157927935178,16.0,4.655466638599386,0.7265632395286753,3694.769782202918,16.0,3.3105026463629597
81,0.6662561921007748,0.5572200754770839,0.6598872524208448,0.5132860494213627,0.6496719636630094,0.5153533591573284,0.5255817379422659,0.6109912937985534,0.5471967258291569,0.5010055251015273,0.6824600202419819,0.5817556136149808,0.5254044633653846,0.5251922076358099,0.6577964604652974,0.5126644071424771,0.578298954977431,0.6685729254668057,0.6292485356600558,0.5339730787031212,0.551974334097796,0.5465472731211778,0.543351993607897,0.5880015558993222,0.6029746343166359,0.6936754228651967,0.6280762823352852,0.5092623773973863,1.0226177812071993,80.3719335530496,16.0,2.500405363878143,0.9427058861551323,36.444611307067355,16.0,2.9071261469670926,0.7459707389113782,13.374994168157983,16.0,3.81893144383857,0.6683229107030352,218.7191402629906,16.0,3.9626502767411607,0.4917344641903546,1.2769901331966378,16.0,4.999344580360819,0.5458225992302523,6.055587420556076,16.0,4.845751528753718,0.6971947606804153,2780.8012360768444,16.0,3.411473363774633
82,0.6407480603234679,0.6831998374500463,0.5344113677635424,0.570705920695959,0.5174572511431935,0.5118816063685412,0.5770391881644407,0.5086121053646048,0.5880557542261758,0.6930856467453468,0.5638115782243069,0.6339528798460933,0.5596416282731036,0.5314310152672873,0.6827661564969157,0.615494891528905,0.6149634270506692,0.6634912453874684,0.6651567741411649,0.5292810827540188,0.5073072482096813,0.636665322861503,0.5537348965600577,0.5387150936035742,0.6510961363402201,0.5466259019951328,0.5196597025844244,0.6367405229227202,0.7592638736471896,56.91238116742226,15.5,2.556809205373489,0.7216420380507474,31.25055806115482,15.5,2.910496905430808,0.5820480400255562,11.62866525886765,15.5,3.8396314623784846,0.513827200770544,186.64526274940764,15.5,4.0238210113288435,0.37404731235004685,0.6637776255115656,15.5,5.177671359349219,0.447860355532736,5.153583761290492,15.5,4.797115501021258,0.5317914592783637,2214.273902802095,15.5,3.5607018769295844
83,0.51741021584941,0.6810252617804606,0.612360615507287,0.6109483296692931,0.6942556667034112,0.6176036646613854,0.6139050611559772,0.5601108469773027,0.5810588842161706,0.657597537281245,0.6185307856096176,0.6516638528093414,0.5874470442011975,0.5337930551044271,0.6157112311507561,0.6784423219707263,0.6642975288575392,0.6600671364508917,0.6409840107742031,0.509083001176484,0.5165436739361681,0.6099092968754936,0.6179161267306823,0.6231592511745755,0.5667356008688137,0.6328504659075627,0.5235225968307666,0.5316189091807588,0.8727711057774554,109.50453385977225,16.0,2.145119417813796,0.8741604957589987,70.84132924273452,16.0,2.1902664599297017,0.748083477346672,25.92505995960476,16.0,2.743467863203263,0.7263410745059409,381.4992978115821,16.0,3.0011542153852644,0.5687901941308254,4.799235191938157,16.0,3.5668152194569993,0.619332736809242,10.378250490355592,16.0,3.8427732427858015,0.6293814229757458,7727.47884964209,16.0,2.584793920453122
84,0.5419593162739702,0.5357947097071664,0.5690964310764061,0.5834856970413869,0.6618567308007941,0.5511560253389509,0.5740381128862376,0.531854736622102,0.6812651030453811,0.6475585386821178,0.6923689434203346,0.6711365929599764,0.6641838150279908,0.5299223203352537,0.5364936041145212,0.6050779803895766,0.6051264712314933,0.6586103389967574,0.6294107882703488,0.6840602786809383,0.667138165474818,0.5531501300905799,0.5016248504263536,0.5116314512536235,0.6198366446018994,0.6813249631068234,0.6230179499017375,0.6201158539648447,1.0278631064031565,73.66007793927308,16.0,2.669118103460834,0.9231671514167306,29.8262140053682,16.0,3.2445012653500145,0.7507560992480873,11.221745740992812,16.0,3.999598169266496,0.6549124561333369,192.21934596936464,16.0,4.194673565076117,0.5421418766550177,1.4493207282283933,16.0,4.960472593775284,0.5338386634567391,5.440738306959991,16.0,5.03063902967649,0.6899832477309266,2090.162921631246,16.0,3.7225539557039977
85,0.6459568407514301,0.6020045530460134,0.5776242236112216,0.5352174136366662,0.5286406140630411,0.5305848724626486,0.524184713101963,0.5312691345562411,0.6992788756201779,0.6204953013184255,0.6223046476636074,0.5649848744634469,0.64451532427532,0.6950867588226616,0.6608986123227728,0.5869612612106301,0.609999613382328,0.5609922438773948,0.618520872420504,0.6905575825158459,0.5095036797555735,0.6201140962245004,0.6733629125018279,0.6170436480486494,0.5788028881468997,0.6617212002404026,0.548189815735191,0.6301392412529686,0.8911875567269679,29.685104537068273,16.0,3.3423991378668543,0.8534483969121958,25.214922098230417,16.0,3.4840971275852333,0.6020505239113096,7.758619085921193,16.0,4.623311932459633,0.50451378265446,121.20813973085485,16.0,4.698630606288334,0.36701701421634836,0.6318190504549266,16.0,5.676054341312462,0.407336847038248,3.565026093290244,16.0,5.574792895093397,0.6521231172614104,1083.2216434404038,16.0,3.969700500185068
86,0.5752831865977066,0.5812167541290861,0.5256317511215987,0.6874664939039479,0.5778318317373906,0.5086216598223785,0.5769854091371578,0.6498134936587051,0.5974513621651989,0.6039752735698045,0.5383133654089739,0.5355761707356902,0.5619431363912072,0.500880723904394,0.6824039158388586,0.6926501060288897,0.5491618569434843,0.5454162009660644,0.5687226172866547,0.684864418295235,0.6987495810260267,0.6261545027417456,0.5053406544831568,0.5707338443789993,0.583329896726714,0.5144154214357085,0.5655505912867695,0.6726885888339091,0.9057361593586701,54.44478081348007,16.0,2.9266673367082,0.8255322770437876,25.655347542911418,16.0,3.3511905624816403,0.6431564759158931,9.71183130101569,16.0,4.252182192647276,0.5186385071267364,139.51510891319148,16.0,4.474989586702287,0.4326855403057766,0.7501179224414943,16.0,5.360256578385252,0.4307717162450893,4.220106831370801,16.0,5.27545318801953,0.6259537451322148,1799.9864733216643,16.0,3.7765423118384023
87,0.6678772331877567,0.5687383737654287,0.567979639666231,0.5058470755466453,0.5510970988357393,0.5456146715062544,0.6098604775946271,0.6276134681240199,0.5225557593866252,0.5260145369840755,0.6432584983122261,0.6006606466185805,0.556462510947678,0.550381740412998,0.6012846515616588,0.6739128172040891,0.6206990895642063,0.5418829257445174,0.6418289438641785,0.5371277739664663,0.6710979742833465,0.5035973202660841,0.5855126048264471,0.608423653746789,0.6324282124876558,0.5718742901019778,0.6698898329917562,0.5672251605064098,0.8814721513184884,51.12405987861981,16.0,3.022307469569017,0.7544157365976809,19.85069356912227,16.0,3.761404611958034,0.5682495846422908,6.8217967299457465,16.0,4.684732932504275,0.4560193256705538,111.21598766513152,16.0,4.777972591438944,0.39312565270400324,0.764050360481211,16.0,5.509910384802748,0.35776866360031195,3.0331618558423576,16.0,5.675965994214922,0.5823211280595908,1258.106812191022,16.0,4.0493007377627
88,0.52993364612383,0.5868682865825018,0.6812526764180773,0.6197169039953697,0.5707585997449266,0.6771396064839585,0.6192166957437798,0.6383711632909229,0.591657620502732,0.6667054313371561,0.6850143013947511,0.6264019952002013,0.5656496085874617,0.6106405129889313,0.6366262000949755,0.5801277989826827,0.5794648037380885,0.6794362627214882,0.5549308715868607,0.6200872365800743,0.6057955796531785,0.5167989642343447,0.6162701928675757,0.5333523522450264,0.5765518239315511,0.6183879162960145,0.5356160274998321,0.5426627612319641,1.0472873370465419,91.57800641513661,16.0,2.4688312996789366,0.9661956188481354,42.7382674711669,16.0,2.854586833409171,0.7789128742907183,13.758324757812925,16.0,3.694633437015198,0.7019537925090463,237.32765764562507,16.0,3.8647968727334465,0.5952780186208566,2.0705037127640122,16.0,4.5400425887144324,0.5842735545557269,6.2530829749726236,16.0,4.718843927103805,0.6919353852541965,3021.018199961281,16.0,3.4762934461661956
89,0.6804922808380651,0.6674020754719506,0.559069165179138,0.6518614504618584,0.6049345554098541,0.639081460184427,0.5740854284151224,0.6739604422414935,0.6601950433414572,0.6302247287708886,0.6761323108653501,0.6771533465181984,0.6885561335010681,0.6146461290056136,0.6915798130522003,0.6166059561300378,0.5446912135295152,0.5548482006674808,0.5183941417508631,0.6885546488155477,0.5230270898282496,0.5837596189550592,0.5960403724802925,0.509638013418309,0.6567094203501784,0.6941539628338214,0.6754534628662512,0.6505998957741175,0.7108219525165814,52.63826396194294,15.5,2.797954805246878,0.648950090762307,25.311606390513386,15.5,3.2673056185309397,0.5317903918009284,9.257855578145048,15.5,4.162500094391145,0.45103263534133925,155.2759575535309,15.5,4.380096124476718,0.3109725185798907,0.5340566761887153,15.5,5.579177492284397,0.3931894737991145,4.067325001972227,15.5,5.165775741633697,0.505272140730467,1338.5589887646781,15.5,3.8878764076353445
90,0.6485652629925585,0.6720855935049128,0.5779579426959182,0.5530740554219413,0.6438437619462984,0.6877003681588332,0.6361919342480187,0.5394728854691664,0.6475274270852447,0.6428210017917912,0.5803789193304121,0.5121448096639427,0.5480744856602627,0.6655803733709379,0.5548863125011518,0.6571650088268768,0.6816604325176587,0.6775341194230788,0.6481786486564334,0.6321044109999963,0.6175756348075327,0.590077960538988,0.6518138729227382,0.5930118669545251,0.5878028458859382,0.6804463061103725,0.564787761844563,0.5942037729028128,0.6406074620721269,14.808826957746223,16.0,4.381756673211946,0.5616819985436998,11.142671619594633,16.0,4.759669187734351,0.36727178146858097,3.489004462791825,16.0,5.597815534709758,0.2944667891754115,49.32320465083865,16.0,5.495512720301331,0.27076162278468735,0.44949470544137754,16.0,6.092740190702983,0.20906867264514725,1.5180314097056615,16.0,6.292007999806579,0.5001682915720782,486.75734425448775,16.0,4.562959523920882
91,0.6187844078701529,0.5556437607192376,0.5259482072967259,0.5003594572339766,0.5581488557336272,0.6654695193052151,0.531810444409587,0.6904710540731452,0.6363340494890797,0.5884531640729174,0.539939090013889,0.5709029671887977,0.6472646877254569,0.5008737569084534,0.6280810329726844,0.5844174453697825,0.6891658465771509,0.667775002214584,0.6439538894578002,0.6464280332653451,0.6393367773617695,0.6174234585386551,0.6223749477834152,0.5085970864469561,0.6203266141498099,0.6511461492866151,0.5706038716024467,0.6249538562380252,0.9980244762263203,49.65923954285223,16.0,2.7944415439933437,0.8820338145899993,28.51241490818058,16.0,3.369339878119602,0.69941883872465,10.903516719627074,16.0,4.1683317021999535,0.6285663519355831,160.34312353125125,16.0,4.2708929728159974,0.5247725289841285,1.4106627880827742,16.0,4.951969853042878,0.47392812477942764,4.753663104492439,16.0,5.235665276524221,0.6782076759077023,2281.773797712085,16.0,3.7754503965017245
92,0.6138803347421807,0.6643122934699619,0.632526500797869,0.5056255364224876,0.6031332036458567,0.6902711225399686,0.5134057869187727,0.5473066225677715,0.6301438616969707,0.5144212947315577,0.6646920974428117,0.5032731505599825,0.5855197614864502,0.5137050937654906,0.5278161708818531,0.5564884024085323,0.626569929205965,0.5829482882300806,0.6889365111699605,0.5072458175886009,0.5960618778389025,0.6395094343272641,0.5593017728322285,0.5648273064203454,0.6385767298137496,0.6332494371185975,0.695109409151589,0.5132589635625706,1.0687724101205698,103.10614038540923,16.0,2.2692821374252965,0.9958712661582941,41.21646646480104,16.0,2.7145265081439938,0.8380128433224119,16.45207173797254,16.0,3.4032825364990202,0.7103756318474026,236.9737183742333,16.0,3.8243031427759258,0.616554862843599,2.492652036710739,16.0,4.431799376313906,0.6125627376240269,7.094717050228496,16.0,4.563155102341,0.7100457524455213,3555.4579177282453,16.0,3.3733007111926585
93,0.6138237712214726,0.6975975276978045,0.5233060032734308,0.5434056141328684,0.6266334964172467,0.5872494868848994,0.6385434813806661,0.5848381100561761,0.5199934678199514,0.5982789850375883,0.5309494189812666,0.529628774329673,0.6666145070975958,0.5913621639452558,0.671055291886676,0.5526359923170281,0.5158577438339547,0.6918294526182989,0.5165860512530003,0.540233742665205,0.6039320764550054,0.6591325238077568,0.6921516913830636,0.6610310540083558,0.6851359010792879,0.6017856209795007,0.5696214071591583,0.6784212655565822,0.7206997040660331,29.368991117242754,16.0,4.159198992699951,0.5678405570059119,10.006950456562626,16.0,4.823961856854247,0.3616811812689707,2.9879507142361734,16.0,5.667877175301098,0.2656375742803453,51.58995853312654,16.0,5.535898428753866,0.22811533072091464,0.27983395141069206,16.0,6.250508201397228,0.2179830053712051,1.6294942975638893,16.0,6.269387917716705,0.46139100752265255,419.41350583041526,16.0,4.8066832386072
94,0.5343332098722756,0.579799172411565,0.6814256455716746,0.6854837152486091,0.5840653089639933,0.5933365658390449,0.5828388694954394,0.5201174387370575,0.6318331090873233,0.628689582505611,0.6644452351332769,0.6286419326452294,0.5633696040359343,0.504508445294085,0.6960745925464379,0.5872770471139743,0.5951070951371678,0.6057401589058922,0.6374622969744675,0.500606767932777,0.6678527607741863,0.6559166017811211,0.5694175651946162,0.5539797498095633,0.5814535195320376,0.6579873278022271,0.6514058865181198,0.5388474544280292,1.0699591695893906,98.35588834465653,16.0,2.283420861632209,0.9670263452143671,37.971637757265,16.0,2.8087814544546132,0.7968042258888842,14.316912124204887,16.0,3.564272401058277,0.7140733830043741,244.42704222467452,16.0,3.755015866156749,0.6066608100878312,2.0948256297441037,16.0,4.448123302525836,0.5711597383697227,6.686579603288931,16.0,4.734512264391679,0.7282814503816251,3080.834661678057,16.0,3.3276035279139764
95,0.6291687715206022,0.6610624841566922,0.697516153989769,0.5687537924010365,0.5490838477211456,0.5819779498518067,0.5249980514682695,0.6128734795311789,0.5867866544870618,0.5984344567069997,0.5341794478118203,0.6444118139294541,0.5359759763423133,0.5577083236807373,0.6233182657250118,0.5790246642183923,0.5916074931212968,0.6497332074453026,0.6300364243263306,0.5787494489659992,0.5399807116288771,0.5767369123343151,0.5675157800888948,0.5717127898800995,0.5144676640924991,0.6146607758151214,0.5945722291336838,0.6688605227200569,0.9929005542651327,115.32481691268691,16.0,2.1069326397561188,0.9637337043637124,63.53393448329554,16.0,2.330625764344759,0.8181310207231041,22.201448388423817,16.0,2.9563463716712564,0.7581012377193713,358.07506895109907,16.0,3.2460860780075818,0.6463892557814216,4.254239740844571,16.0,3.655350481163377,0.6498902799711893,9.230011111072633,16.0,4.0669329730975985,0.6696024085606325,5737.385475433921,16.0,2.9832286816654516
96,0.5723210760799804,0.5343418570156939,0.5760932250175057,0.5369829547848113,0.6761396025027387,0.6062768249168334,0.68683868375905,0.6198110228038142,0.5645113694654241,0.5228634961041667,0.6039199176707568,0.6530079955685477,0.5791407879847674,0.5783068145920748,0.6684114651720201,0.545675485150595,0.6449616456349608,0.6008222861598393,0.6518113180686467,0.6400092105734366,0.5739638723118587,0.6220695677282005,0.6837019279571968,0.5544460805972095,0.5610787243984036,0.615643161079673,0.6025864908310968,0.6685811909372823,1.0373458588601272,67.13822521722582,16.0,2.6406111284408427,0.9687772756647922,38.79259443714703,16.0,2.952856465082565,0.7841242950161544,12.356309115528978,16.0,3.746572464272558,0.700644830126423,217.46994405823884,16.0,3.955816485523675,0.5376021424109247,1.3231683702840114,16.0,4.838515684087929,0.5363747252625117,5.601952158660572,16.0,4.952305401761111,0.7271862008749268,2612.723270368159,16.0,3.4624181757599977
97,0.6160108147122908,0.5834130627708698,0.6509935443286284,0.5776926297407046,0.6481651839395831,0.5946579858497302,0.5081659608590655,0.5489820645629272,0.6651703076842279,0.6542607329555962,0.5083806642018094,0.5869535039445194,0.5802395031298575,0.583567122730816,0.6754310712682969,0.6634503095463793,0.6197850518158836,0.5774875333089123,0.5256820290542941,0.6314972931003767,0.5499378767182475,0.546008104293384,0.6529210004008877,0.5930616861558461,0.5954755809815577,0.5727494584165926,0.5002407045702708,0.5657226157013503,1.0512270049609511,79.4939521804088,16.0,2.4238679711248587,1.0061584402449175,46.505225188338436,16.0,2.6878624547378323,0.830148012941193,16.868607144729808,16.0,3.453445476927959,0.713665919841065,245.58252373332618,16.0,3.816128647679586,0.6250444663735794,2.2888494493753946,16.0,4.37078957118559,0.6081353048149347,7.106498396306555,16.0,4.600856557616694,0.7472565556605009,3472.7322666345067,16.0,3.213614005232503
98,0.6394843187009952,0.5341454918903833,0.5930119342199675,0.6295861799778452,0.6553090363028143,0.628577444964811,0.6676198643127932,0.6890732357636894,0.6768210143139237,0.6273025939391608,0.6418056285331133,0.5425842701155157,0.5724681656633032,0.6461701355264808,0.5361475734156111,0.5163443641024617,0.69387318052298,0.6464685282499854,0.6445319202655884,0.5653770531921579,0.6775478075336313,0.5160801408078477,0.5237784672755825,0.510851590628637,0.6107636199427686,0.6371307925527582,0.554437306183967,0.6584989367340951,0.59161693191055,18.733578934366296,16.5,4.243805783182916,0.4451055161826066,8.800261104829096,16.5,5.022502503309314,0.2932668030920939,2.8549181356006046,16.5,5.7654645433614276,0.22157157855723084,43.77031229635556,16.5,5.612981657769133,0.22668654771312338,0.4178779135405407,16.5,6.154863539172739,0.1758575004993779,1.2813669944108863,16.5,6.334035664775508,0.41097200254019123,405.60158909309473,16.5,4.784065425166524
99,0.6200529971016165,0.5531628368560417,0.6274896377395917,0.5205772109366806,0.5456455291578736,0.5115396502855092,0.5790540140962006,0.5562859104985096,0.6610250430563253,0.5369155275051237,0.6966092259431531,0.6255786084474604,0.5574211455731556,0.6717179000956023,0.543265177804569,0.6130606668091417,0.5606186517948758,0.6208834561849396,0.6511175922172692,0.6513357607347946,0.5552569710916213,0.553384541072777,0.5576723440237071,0.6732750218156405,0.6875837078285404,0.6953237632935738,0.5575362727795311,0.5276313530708593,0.6147025941887748,15.417627735189575,16.0,4.501890546327976,0.5136636586136385,8.925557750057276,16.0,4.971873418747375,0.3370807311391849,2.9403287851370408,16.0,5.730497282367065,0.2611465719703918,48.566693517142575,16.0,5.555515178968093,0.19093542025435534,0.2547897717735864,16.0,6.343100503412959,0.206600130416323,1.386677021847715,16.0,6.288066122303418,0.4658246337491864,346.01996101139014,16.0,4.784324618592048
